:020000040800F2
:10000000005000202172000871720008717200080F
:10001000717200087172000871720008000000001F
:1000200000000000000000000000000071720008E5
:10003000717200080000000071720008ED2F0008C6
:100040007172000871720008717200087172000804
:1000500071720008717200087172000871720008F4
:1000600071720008717200087172000871720008E4
:1000700071720008717200087172000871720008D4
:1000800071720008717200087172000871720008C4
:1000900071720008717200087172000871720008B4
:1000A0007172000831130008717200087172000843
:1000B0007172000871720008717200087172000894
:1000C0007172000871720008717200087172000884
:1000D00071720008F92F00080D30000871720008D5
:1000E000717200087172000800000000717200084F
:1000F0007172000871720008717200087172000854
:100100007172000871720008717200087172000843
:100110007172000871720008717200087172000833
:100120007172000871720008717200087172000823
:1001300010B5054C237833B9044B13B10448AFF321
:1001400000800123237010BDD801002000000000B2
:1001500048A6000808B5034B1BB103490348AFF399
:10016000008008BD00000000DC01002048A6000857
:1001700081F0004102E000BF83F0004330B54FEA58
:1001800041044FEA430594EA050F08BF90EA020FC5
:100190001FBF54EA000C55EA020C7FEA645C7FEA58
:1001A000655C00F0E2804FEA5454D4EB5555B8BF7B
:1001B0006D420CDD2C4480EA020281EA030382EAEC
:1001C000000083EA010180EA020281EA0303362D7E
:1001D00088BF30BD11F0004F4FEA01314FF4801C51
:1001E0004CEA113102D0404261EB410113F0004F63
:1001F0004FEA03334CEA133302D0524263EB43031A
:1002000094EA050F00F0A780A4F10104D5F1200EB7
:100210000DDB02FA0EFC22FA05F2801841F1000112
:1002200003FA0EF2801843FA05F359410EE0A5F1E6
:1002300020050EF1200E012A03FA0EFC28BF4CF017
:10024000020C43FA05F3C01851EBE37101F00045CD
:1002500007D54FF0000EDCF1000C7EEB00006EEBDA
:100260000101B1F5801F1BD3B1F5001F0CD3490864
:100270005FEA30004FEA3C0C04F101044FEA4452BB
:1002800012F5800F80F09A80BCF1004F08BF5FEA42
:10029000500C50F1000041EB045141EA050130BD22
:1002A0005FEA4C0C404141EB0101013C28BFB1F534
:1002B000801FE9D291F0000F04BF01460020B1FA7F
:1002C00081F308BF2033A3F10B03B3F120020CDA52
:1002D0000C3208DD02F1140CC2F10C0201FA0CF030
:1002E00021FA02F10CE002F11402D8BFC2F1200C95
:1002F00001FA02F120FA0CFCDCBF41EA0C0190404B
:10030000E41AA2BF01EB0451294330BD6FEA040493
:100310001F3C1CDA0C340EDC04F11404C4F120027E
:1003200020FA04F001FA02F340EA030021FA04F390
:1003300045EA030130BDC4F10C04C4F1200220FAE7
:1003400002F001FA04F340EA0300294630BD21FA25
:1003500004F0294630BD94F0000F83F4801306BFEB
:1003600081F480110134013D4EE77FEA645C18BFDF
:100370007FEA655C29D094EA050F08BF90EA020F76
:1003800005D054EA000C04BF1946104630BD91EA6E
:10039000030F1EBF0021002030BD5FEA545C05D171
:1003A0004000494128BF41F0004130BD14F58004B0
:1003B0003CBF01F5801130BD01F0004545F0FE4124
:1003C00041F470014FF0000030BD7FEA645C1ABF59
:1003D000194610467FEA655C1CBF0B46024650EA90
:1003E000013406BF52EA033591EA030F41F40021BC
:1003F00030BD00BF90F0000F04BF0021704730B542
:100400004FF4806404F132044FF000054FF0000116
:1004100050E700BF90F0000F04BF0021704730B5D7
:100420004FF4806404F1320410F0004548BF4042AC
:100430004FF000013EE700BF42004FEAE2014FEA01
:1004400031014FEA02701FBF12F07F4393F07F4FDC
:1004500081F06051704732F07F4208BF704793F0DF
:100460007F4F04BF41F40021704730B54FF46074F2
:1004700001F0004521F000411CE700BF50EA0102F5
:1004800008BF704730B54FF000050AE050EA01029E
:1004900008BF704730B511F0004502D5404261EB0E
:1004A00041014FF4806404F132045FEA915C3FF44F
:1004B000D8AE4FF003025FEADC0C18BF03325FEAEC
:1004C000DC0C18BF033202EBDC02C2F1200300FA9D
:1004D00003FC20FA02F001FA03FE40EA0E0021FAC2
:1004E00002F11444BDE600BF4FEA4102B2F1E0431D
:1004F00024BFB3F5001CDCF1FE5C0DD901F0004C0B
:100500004FEAC0024CEA5070B2F1004F40EB83005A
:1005100008BF20F00100704711F0804F21D113F186
:100520003872BCBF01F00040704741F480114FEABF
:100530005252C2F11802C2F1200C10FA0CF320FA48
:1005400002F018BF40F001004FEAC1234FEAD32365
:1005500003FA0CFC40EA0C0023FA02F34FEA4303CF
:10056000CCE77FEA625307D150EA01331EBF4FF058
:10057000FE4040F44000704701F0004040F0FE4073
:1005800040F40000704700BF80F0004002E000BF70
:1005900081F0004142001FBF5FEA410392EA030F6E
:1005A0007FEA226C7FEA236C6AD04FEA1262D2EBB8
:1005B0001363C1BFD218414048404140B8BF5B42BD
:1005C000192B88BF704710F0004F40F4000020F056
:1005D0007F4018BF404211F0004F41F4000121F06C
:1005E0007F4118BF494292EA030F3FD0A2F10102B6
:1005F00041FA03FC10EB0C00C3F1200301FA03F1F4
:1006000000F0004302D5494260EB4000B0F5000F16
:1006100013D3B0F1807F06D340084FEA310102F1D5
:100620000102FE2A51D2B1F1004F40EBC25008BF87
:1006300020F0010040EA03007047490040EB000051
:10064000013A28BFB0F5000FEDD2B0FA80FCACF152
:10065000080CB2EB0C0200FA0CF0AABF00EBC2507F
:1006600052421843BCBFD0401843704792F0000F6D
:1006700081F4000106BF80F400000132013BB5E7C0
:100680004FEA41037FEA226C18BF7FEA236C21D036
:1006900092EA030F04D092F0000F08BF084670479B
:1006A00090EA010F1CBF0020704712F07F4F04D169
:1006B000400028BF40F00040704712F100723CBF7C
:1006C00000F50000704700F0004343F0FE4040F4A6
:1006D000000070477FEA226216BF08467FEA236364
:1006E0000146420206BF5FEA412390EA010F40F44F
:1006F000800070474FF0000304E000BF10F000439B
:1007000048BF40425FEA000C08BF704743F0964381
:1007100001464FF000001CE050EA010208BF70479C
:100720004FF000030AE000BF50EA010208BF704723
:1007300011F0004302D5404261EB41015FEA010C38
:1007400002BF84460146002043F0B64308BFA3F130
:100750008053A3F50003BCFA8CF2083AA3EBC25312
:1007600010DB01FA02FC634400FA02FCC2F1200231
:10077000BCF1004F20FA02F243EB020008BF20F068
:100780000100704702F1200201FA02FCC2F12002CE
:1007900050EA4C0021FA02F243EB020008BF20EAC3
:1007A000DC7070474FF0FF0C1CEAD0521EBF1CEAF1
:1007B000D15392EA0C0F93EA0C0F6FD01A4480EADF
:1007C000010C400218BF5FEA41211ED04FF00063C8
:1007D00043EA501043EA5111A0FB01310CF00040F4
:1007E000B1F5000F3EBF490041EAD3715B0040EA1A
:1007F000010062F17F02FD2A1DD8B3F1004F40EBEA
:10080000C25008BF20F00100704790F0000F0CF0BC
:10081000004C08BF49024CEA502040EA51207F3A80
:10082000C2BFD2F1FF0340EAC250704740F400005B
:100830004FF00003013A5DDC12F1190FDCBF00F04C
:1008400000407047C2F10002410021FA02F1C2F1FA
:10085000200200FA02FC5FEA310040F1000053EA96
:100860004C0308BF20EADC70704792F0000F00F0E4
:10087000004C02BF400010F4000F013AF9D040EAEA
:100880000C0093F0000F01F0004C02BF490011F47E
:10089000000F013BF9D041EA0C018FE70CEAD1537C
:1008A00092EA0C0F18BF93EA0C0F0AD030F0004CFC
:1008B00018BF31F0004CD8D180EA010000F00040B0
:1008C000704790F0000F17BF90F0004F084691F06E
:1008D000000F91F0004F14D092EA0C0F01D14202A8
:1008E0000FD193EA0C0F03D14B0218BF084608D171
:1008F00080EA010000F0004040F0FE4040F40000BB
:10090000704740F0FE4040F4400070474FF0FF0C4D
:100910001CEAD0521EBF1CEAD15392EA0C0F93EA94
:100920000C0F69D0A2EB030280EA010C49024FEAE6
:10093000402037D04FF0805343EA111143EA10139F
:100940000CF000408B4238BF5B0042F17D024FF457
:10095000000C8B4224BF5B1A40EA0C00B3EB510F32
:1009600024BFA3EB510340EA5C00B3EB910F24BF1B
:10097000A3EB910340EA9C00B3EBD10F24BFA3EBA0
:10098000D10340EADC001B0118BF5FEA1C1CE0D168
:10099000FD2A3FF650AF8B4240EBC25008BF20F01B
:1009A000010070470CF0004C4CEA50207F32C2BF6F
:1009B000D2F1FF0340EAC250704740F400004FF00C
:1009C0000003013A37E792F0000F00F0004C02BF3D
:1009D000400010F4000F013AF9D040EA0C0093F007
:1009E000000F01F0004C02BF490011F4000F013B61
:1009F000F9D041EA0C0195E70CEAD15392EA0C0FC9
:100A000008D142027FF47DAF93EA0C0F7FF470AF00
:100A1000084676E793EA0C0F04D14B023FF44CAF43
:100A200008466EE730F0004C18BF31F0004CCAD1D8
:100A300030F000427FF45CAF31F000437FF43CAF14
:100A40005FE700BF4FF0FF3C06E000BF4FF0010C36
:100A500002E000BF4FF0010C4DF804CD4FEA400218
:100A60004FEA41037FEA226C18BF7FEA236C11D062
:100A700001B052EA530C18BF90EA010F58BFB2EB15
:100A8000030088BFC81738BF6FEAE17018BF40F095
:100A9000010070477FEA226C02D15FEA402C05D149
:100AA0007FEA236CE4D15FEA412CE1D05DF8040BCE
:100AB000704700BF844608466146FFE70FB5FFF761
:100AC000C9FF002848BF10F1000F0FBD4DF808ED19
:100AD000FFF7F4FF0CBF012000205DF808FB00BF0A
:100AE0004DF808EDFFF7EAFF34BF012000205DF864
:100AF00008FB00BF4DF808EDFFF7E0FF94BF0120B1
:100B000000205DF808FB00BF4DF808EDFFF7D2FFAD
:100B100094BF012000205DF808FB00BF4DF808EDF0
:100B2000FFF7C8FF34BF012000205DF808FB00BFBD
:100B30004FEA4002B2F1FE4F0FD34FF09E03B3EBEA
:100B400012620DD94FEA002343F0004310F0004F2A
:100B500023FA02F018BF404270474FF00000704780
:100B600012F1610F01D1420205D110F0004008BF1F
:100B70006FF0004070474FF000007047034613F8D5
:100B8000012B002AFBD1181A0138704770B54FF0BD
:100B9000FF0C4CF4E06C1CEA11541DBF1CEA135509
:100BA00094EA0C0F95EA0C0F00F0DEF82C4481EA71
:100BB000030621EA4C5123EA4C5350EA013518BF91
:100BC00052EA033541F4801143F4801338D0A0FB7E
:100BD00002CE4FF00005E1FB02E506F00042E0FB2B
:100BE00003E54FF00006E1FB03569CF0000F18BF31
:100BF0004EF0010EA4F1FF04B6F5007F64F54074D9
:100C000004D25FEA4E0E6D4146EB060642EAC6216B
:100C100041EA55514FEAC52040EA5E504FEACE2ED8
:100C2000B4F1FD0C88BFBCF5E06F1ED8BEF1004FDB
:100C300008BF5FEA500E50F1000041EB045170BD57
:100C400006F0004646EA010140EA020081EA03019B
:100C5000B4EB5C04C2BFD4EB0C0541EA045170BD97
:100C600041F480114FF0000E013C00F3AB8014F111
:100C7000360FDEBF002001F0004170BDC4F100045A
:100C8000203C35DA0C341BDC04F11404C4F12005DB
:100C900000FA05F320FA04F001FA05F240EA020036
:100CA00001F0004221F0004110EBD37021FA04F66C
:100CB00042EB06015EEA430E08BF20EAD37070BD26
:100CC000C4F10C04C4F1200500FA04F320FA05F085
:100CD00001FA04F240EA020001F0004110EBD37087
:100CE00041F100015EEA430E08BF20EAD37070BDF7
:100CF000C4F1200500FA05F24EEA020E20FA04F3D0
:100D000001FA05F243EA020321FA04F001F000417E
:100D100021FA04F220EA020000EBD3705EEA430EEF
:100D200008BF20EAD37070BD94F0000F0FD101F01E
:100D30000046400041EB010111F4801F08BF013C57
:100D4000F7D041EA060195F0000F18BF704703F095
:100D50000046520043EB030313F4801F08BF013D1C
:100D6000F7D043EA0603704794EA0C0F0CEA1355D8
:100D700018BF95EA0C0F0CD050EA410618BF52EA92
:100D80004306D1D181EA030101F000414FF0000098
:100D900070BD50EA410606BF1046194652EA4306A6
:100DA00019D094EA0C0F02D150EA013613D195EA1A
:100DB0000C0F05D152EA03361CBF104619460AD162
:100DC00081EA030101F0004141F0FE4141F470016C
:100DD0004FF0000070BD41F0FE4141F4780170BD5C
:100DE00070B54FF0FF0C4CF4E06C1CEA11541DBFC1
:100DF0001CEA135594EA0C0F95EA0C0F00F0A7F8C3
:100E0000A4EB050481EA030E52EA03354FEA0131EF
:100E100000F088804FEA03334FF0805545EA131302
:100E200043EA12634FEA022245EA111545EA1065CA
:100E30004FEA00260EF000419D4208BF964244F161
:100E4000FD0404F5407402D25B084FEA3202B61A80
:100E500065EB03055B084FEA32024FF480104FF454
:100E6000002CB6EB020E75EB030E22BFB61A7546C8
:100E700040EA0C005B084FEA3202B6EB020E75EB5B
:100E8000030E22BFB61A754640EA5C005B084FEAC3
:100E90003202B6EB020E75EB030E22BFB61A754690
:100EA00040EA9C005B084FEA3202B6EB020E75EB9B
:100EB000030E22BFB61A754640EADC0055EA060E5C
:100EC00018D04FEA051545EA16754FEA06164FEA9F
:100ED000C30343EA52734FEAC2025FEA1C1CC0D14B
:100EE00011F4801F0BD141EA00014FF000004FF0D8
:100EF000004CB6E711F4801F04BF01430020B4F199
:100F0000FD0C88BFBCF5E06F3FF6AFAEB5EB030C50
:100F100004BFB6EB020C5FEA500C50F1000041EB4D
:100F2000045170BD0EF0004E4EEA113114EB5C041A
:100F3000C2BFD4EB0C0541EA045170BD41F48011ED
:100F40004FF0000E013C90E645EA060E8DE60CEAF5
:100F5000135594EA0C0F08BF95EA0C0F3FF43BAF12
:100F600094EA0C0F0AD150EA01347FF434AF95EAC9
:100F70000C0F7FF425AF104619462CE795EA0C0FAD
:100F800006D152EA03353FF4FDAE1046194622E77A
:100F900050EA410618BF52EA43067FF4C5AE50EA54
:100FA00041047FF40DAF52EA43057FF4EBAE12E744
:100FB0004FF0FF3C06E000BF4FF0010C02E000BF25
:100FC0004FF0010C4DF804CD4FEA410C7FEA6C5C08
:100FD0004FEA430C18BF7FEA6C5C1BD001B050EAAB
:100FE000410C0CBF52EA430C91EA030F02BF90EA96
:100FF000020F0020704710F1000F91EA030F58BF55
:10100000994208BF90422CBFD8176FEAE37040F0B6
:10101000010070474FEA410C7FEA6C5C02D150EA54
:10102000013C07D14FEA430C7FEA6C5CD6D152EA0F
:10103000033CD3D05DF8040B704700BF84461046D4
:1010400062468C461946634600E000BF01B5FFF7D3
:10105000B7FF002848BF10F1000F01BD4DF808EDA3
:10106000FFF7F4FF0CBF012000205DF808FB00BF74
:101070004DF808EDFFF7EAFF34BF012000205DF8CE
:1010800008FB00BF4DF808EDFFF7E0FF94BF01201B
:1010900000205DF808FB00BF4DF808EDFFF7CEFF1C
:1010A00094BF012000205DF808FB00BF4DF808ED5B
:1010B000FFF7C4FF34BF012000205DF808FB00BF2C
:1010C0004A0011D212F5001211D20DD56FF47873C7
:1010D000B3EB62520ED44FEAC12343F0004343EA1C
:1010E000505323FA02F070474FF00000704750EA67
:1010F000013002D14FF0FF3070474FF000007047D1
:101100004FEA40024FEA41037FEA226C02D15FEAD4
:10111000402C08D17FEA236C02D15FEA412C02D136
:101120004FF0000070474FF00100704738B50022C3
:10113000002304460D46FFF79BFF28B920462946A9
:10114000BDE8384000F00AB8204605F1004100F043
:1011500005F8404261EB410138BD00BFD0B5002227
:101160000B4B06460F46FFF711FDFFF7A9FF04469C
:10117000FFF740F90022074BFFF708FD02460B4638
:1011800030463946FEF7F8FFFFF79AFF2146D0BDFB
:101190000000F03D0000F04180B500AF01F040FFDD
:1011A00000F080F900F0D6F900F04EFA00F07AFA7B
:1011B00000F0BCFA00F0FEFA00F052FB00F07AFBFF
:1011C00000F0A2FB00F070F801F0E6FC00F08AFDF0
:1011D00000F0F2FE01F03CFA01F0E8FB274800F0D5
:1011E00087FF0346002B09D0254B06221A700120E9
:1011F00001F0DAFC234801F069FB0BE0204B0122EF
:101200001A70042001F0D0FC1F4801F05FFB1F485A
:1012100001F05CFB01221E491E4805F0AAFC1E4895
:1012200004F0D0FC01F05AFF03461C4A136001F0A1
:101230005BFC00F0DFF801F077FD184B1A68184BE3
:101240001B68D31A632B05D9144B1B68144A13600F
:1012500001F096FB0A4B1B78022BE3D10F4B1A6867
:10126000104B1B68D31AB3F5FA7FDBD30B4B1B680B
:101270000C4A136001F0E2FAD4E700BF1402002028
:10128000F401002060A6000878A600088CA60008DB
:101290006804002088030020400300201002002082
:1012A000640400206C04002080B586B000AF07F114
:1012B000080300221A605A609A60DA603B460022F6
:1012C0001A605A60184B194A1A60174B47225A6025
:1012D000154B00229A60144B40F2E732DA60124B51
:1012E00000221A61104B80229A610F4804F01AFC08
:1012F0000346002B01D000F0E7FC4FF48053BB60A5
:1013000007F108031946084804F08EFF00233B60EC
:1013100000237B603B461946034805F0EDFA00BF09
:101320001837BD4680BD00BF40030020002C01409F
:1013300090B585B002AF244B1B68DB6803F0010356
:10134000012B3DD1204B1B686FF001021A611F4B2E
:101350001B78022B34D11E4800F0FEFE1D491C48AC
:1013600000F050FF1B4B1B681A4A5168194A9268DB
:10137000184600F0C7FF7860164B5B69164A79681B
:10138000184600F0EDFF0346144A1360144800F0BD
:101390003DFE0346134A1360134800F037FE034630
:1013A000124A1360124B18680C4B1968094B5A69A2
:1013B0000C4B1C680D4B1B680093234601F0BAF8D8
:1013C00000BF0C37BD4690BD40030020F401002053
:1013D00038040020480400206F12833AF8010020EE
:1013E000BC040020FC010020CC04002000020020EE
:1013F0000402002080B500AF194B1A78194B1B78F6
:101400009A4208D0164B1A78164B1A70144B1B7858
:10141000184601F04DFC124B1B78062B1DD801A27B
:1014200052F823F059140008591400085914000800
:1014300041140008471400084D1400085314000814
:1014400000F0ACFD09E000F0A9FD06E000F0A6FD0B
:1014500003E000F0A3FD00E000BF00BF80BD00BFBF
:10146000F40100207004002080B582B000AF7860E5
:101470007B681B68084A934209D1084B1B781846C1
:1014800001F038FA01220549054805F072FB00BF5A
:101490000837BD4680BD00BF003801406804002009
:1014A0008803002080B594B000AF07F128032822FC
:1014B0000021184606F00EFE07F1140300221A6000
:1014C0005A609A60DA601A613B1D00221A605A6005
:1014D0009A60DA600123BB624FF48033FB62002321
:1014E0003B6302237B644FF48033BB644FF4E0130F
:1014F000FB6407F12803184603F084FD0346002B24
:1015000001D000F0E1FB0F237B610223BB610023CC
:10151000FB614FF480633B6200237B6207F114039D
:101520000221184603F0F0FF0346002B01D000F023
:10153000CBFB02237B600023FB603B1D184604F0BD
:101540007BF90346002B01D000F0BEFB00BF5037F3
:10155000BD4680BD80B588B000AF07F11003002202
:101560001A605A609A60DA60344B9B69334A43F0E0
:1015700004039361314B9B6903F00403FB60FB6838
:101580002E4B9B692D4A43F0080393612B4B9B69BB
:1015900003F00803BB60BB68284B9B69274A43F0F4
:1015A00010039361254B9B6903F010037B607B68FC
:1015B000224B9B69214A43F0200393611F4B9B6997
:1015C00003F020033B603B6843F203033B610123CC
:1015D0007B610023BB610223FB6107F11003194605
:1015E000174802F069FB07233B6101237B6100235D
:1015F000BB610223FB6107F110031946114802F099
:101600005BFB10233B6101237B610023BB61022351
:10161000FB6107F1100319460A4802F04DFB002256
:101620000721084802F0CCFC00221021054802F0F6
:10163000C7FC00BF2037BD4680BD00BF0010024080
:10164000000C01400010014080B500AF124B134A5E
:101650001A60114B124A5A600F4B00229A600E4BCF
:101660000022DA600C4B4FF480421A610A4B0022D0
:101670005A61094B00229A61074B0022DA61064B3E
:1016800000221A62044802F0B3FC0346002B01D08A
:1016900000F01AFB00BF80BD14020020005400407F
:1016A000801A060080B58AB000AF3B1D24220021BD
:1016B000184606F00FFD1C4B4FF080421A601A4B83
:1016C00000225A60184B00229A60174B4FF6FF72A7
:1016D000DA60154B00221A61134B00229A61032332
:1016E0007B600023BB600123FB6000233B61002380
:1016F0007B610023BB610123FB6100233B6200236C
:101700007B623B1D1946084804F0A0FB0346002BF2
:1017100001D000F0D9FA3C21034804F039FC00BFA5
:101720002837BD4680BD00BF6802002080B58AB062
:1017300000AF3B1D24220021184606F0CBFC1B4BBA
:101740001B4A1A60194B00225A60184B00229A60FB
:10175000164B4FF6FF72DA60144B00221A61134BDE
:1017600000229A6103237B600023BB600123FB609E
:1017700000233B6100237B610023BB610123FB61EC
:1017800000233B6200237B623B1D1946074804F09F
:101790005DFB0346002B01D000F096FA3C21034884
:1017A00004F0F6FB00BF2837BD4680BDB002002024
:1017B0000004004080B588B000AF3B1D00221A60D5
:1017C0005A609A60DA601A615A619A61224B234A20
:1017D0001A60214B47225A601F4B00229A601E4B11
:1017E00040F2E732DA601C4B00221A611A4B802269
:1017F0009A61194804F038FA0346002B01D000F032
:1018000063FA60237B600023BB600023FB6000233E
:101810007B613B1D002219460F4804F047FC03463C
:10182000002B01D000F050FA3B1D042219460A4853
:1018300004F03CFC0346002B01D000F045FA0021E7
:10184000054804F061FA0421034804F05DFA00BF82
:101850002037BD4680BD00BFF802002000080040D0
:1018600080B500AF114B124A1A60104B4FF4E132B1
:101870005A600E4B00229A600C4B0022DA600B4B30
:1018800000221A61094B0C225A61084B00229A610E
:10189000064B0022DA61054805F08CF80346002B60
:1018A00001D000F011FA00BF80BD00BF8803002006
:1018B0000038014080B500AF114B124A1A60104B3E
:1018C0004FF4E1325A600E4B00229A600C4B00221A
:1018D000DA600B4B00221A61094B0C225A61084B4B
:1018E00000229A61064B0022DA61054805F062F891
:1018F0000346002B01D000F0E7F900BF80BD00BF18
:10190000C80300200044004080B584B000AF3B1DF8
:1019100000221A605A609A60184B194A1A60174BD5
:1019200000229A60154B00221A73144B00221A757C
:10193000124B4FF46022DA61104B00225A600F4BB9
:1019400001221A610D4801F0F7FB0346002B01D07C
:1019500000F0BAF900237B600123BB600523FB6024
:101960003B1D1946054801F09FFE0346002B01D0A0
:1019700000F0AAF900BF1037BD4680BD0804002062
:101980000024014080B584B000AF78607B681B689C
:101990000D4A934213D10D4B9B690C4A43F40063EB
:1019A00093610A4B9B6903F40063FB60FB680022B0
:1019B0000121192002F0D3F8192002F0ECF800BF41
:1019C0001037BD4680BD00BF002C01400010024012
:1019D00080B588B000AF786007F1100300221A606C
:1019E0005A609A60DA607B681B68154A934223D17B
:1019F000144BDB69134A43F00403D361114BDB69D9
:101A000003F00403FB60FB680E4B9B690D4A43F037
:101A1000040393610B4B9B6903F00403BB60BB6839
:101A2000C0233B6102237B610223FB6107F11003AA
:101A30001946054802F040F900BF2037BD4680BD79
:101A400000080040001002400008014080B58AB044
:101A500000AF786007F1180300221A605A609A609C
:101A6000DA607B681B68B3F1804F24D1284BDB69B7
:101A7000274A43F00103D361254BDB6903F00103DF
:101A80007B617B69224B9B69214A43F0040393618C
:101A90001F4B9B6903F004033B613B690323BB615C
:101AA0000023FB6100233B6207F118031946194824
:101AB00002F002F928E07B681B68174A934223D1A1
:101AC000134BDB69124A43F00203D361104BDB690D
:101AD00003F00203FB60FB680D4B9B690C4A43F06B
:101AE000080393610A4B9B6903F00803BB60BB6862
:101AF0003023BB610023FB6100233B6207F1180325
:101B00001946064802F0D8F800BF2837BD4680BD08
:101B1000001002400008014000040040000C014099
:101B200080B58AB000AF786007F1180300221A6010
:101B30005A609A60DA607B681B68404A93423AD1E7
:101B40003F4B9B693E4A43F4804393613C4B9B6906
:101B500003F480437B617B69394B9B69384A43F0CE
:101B600004039361364B9B6903F004033B613B69BB
:101B70004FF40073BB610223FB6103237B6207F117
:101B8000180319462F4802F097F84FF48063BB61A1
:101B90000023FB6100233B6207F118031946294823
:101BA00002F08AF800220221252001F0D8FF25202A
:101BB00001F0F1FF3EE07B681B68234A934239D174
:101BC0001F4BDB691E4A43F40033D3611C4BDB69B6
:101BD00003F40033FB60FB68194B9B69184A43F020
:101BE00008039361164B9B6903F00803BB60BB6855
:101BF0004FF48063BB610223FB6103237B6207F127
:101C000018031946114802F057F84FF40063BB61FE
:101C10000023FB6100233B6207F1180319460B48C0
:101C200002F04AF800220221262001F098FF262027
:101C300001F0B1FF00BF2837BD4680BD003801402C
:101C4000001002400008014000440040000C014028
:101C500080B588B000AF786007F1100300221A60E9
:101C60005A609A60DA607B681B68144A934221D1FB
:101C7000134B9B69124A43F400739361104B9B69A9
:101C800003F40073FB60FB680D4B9B690C4A43F047
:101C9000040393610A4B9B6903F00403BB60BB68B8
:101CA00001233B6103237B6107F1100319460548BB
:101CB00002F002F800BF2037BD4680BD002401407D
:101CC000001002400008014080B500AF044B06221E
:101CD0001A70012000F068FF72B600BF00BFFDE778
:101CE000F401002080B500AF1B4B1C4A1A601A4B50
:101CF00000225A60184B1A4ADA60174B01221A82E6
:101D0000154B174A5A61144B02221A83124B0022B8
:101D10005A83114B4FF000021A62124B0F4A1A609D
:101D2000104B04225A600F4B0D4ADA600D4B4FF4F2
:101D300080521A820B4B0A4A5A610A4B4FF40052E6
:101D40001A83084B00225A83064B4FF000021A6296
:101D500000F024F900BF80BD74040020F8020020C8
:101D6000000C01409804002080B582B000AF78607C
:101D70000B467B80B7F90230B3F57A7F02DD4FF472
:101D80007A737B80B7F9023013F57A7F02DA4FF667
:101D900018437B807B687A885A83B7F90230002B1E
:101DA00037DD7B68D8687B681B8A0122194602F000
:101DB00007F97B6858697B681B8B0022194602F083
:101DC000FFF87B685B68002B06D17B681B681B688B
:101DD000B7F902205A6360E07B685B68042B06D188
:101DE0007B681B681A68B7F90230936355E07B681B
:101DF0005B68082B06D17B681B681A68B7F902304C
:101E0000D3634AE07B681B681A68B7F90230136431
:101E100043E0B7F90230002B3BDA7B68D8687B6877
:101E20001B8A0022194602F0CBF87B6858697B6850
:101E30001B8B0122194602F0C3F87B685B68002BFC
:101E400007D1B7F902207B681B681B6852425A63AE
:101E500023E07B685B68042B07D1B7F902307A680E
:101E6000126812685B42936317E07B685B68082B1B
:101E700007D1B7F902307A68126812685B42D363FF
:101E80000BE0B7F902307A68126812685B4213649B
:101E900003E0786800F005F8FFE700BF0837BD46AB
:101EA00080BD80B582B000AF78607B68D8687B6801
:101EB0001B8A0122194602F083F87B6858697B6807
:101EC0001B8B0122194602F07BF87B685B68002BB4
:101ED00005D17B681B681B6800225A6318E07B6889
:101EE0005B68042B05D17B681B681A680023936329
:101EF0000EE07B685B68082B05D17B681B681A685D
:101F00000023D36304E07B681B681A680023136412
:101F10007B6800225A8300BF0837BD4680BD80B56C
:101F200082B000AF78607B68D8687B681B8A00222B
:101F3000194602F045F87B6858697B681B8B0022C4
:101F4000194602F03DF87B685B68002B05D17B6881
:101F50001B681B6800225A6318E07B685B68042BCF
:101F600005D17B681B681A68002393630EE07B68C9
:101F70005B68082B05D17B681B681A680023D36354
:101F800004E07B681B681A68002313647B680022E6
:101F90005A8300BF0837BD4680BD000080B500AF42
:101FA0000348FFF7BCFF0348FFF7B9FF00BF80BD40
:101FB000740400209804002080B400AF0F4B104A36
:101FC0001A600E4B00229A800C4B4FF000029A6070
:101FD0000A4B4FF00002DA600A4B0B4A1A60094BB9
:101FE00000229A80074B4FF000029A60054B4FF099
:101FF0000002DA6000BFBD4680BC7047BC04002010
:1020000068020020CC040020B002002080B584B01B
:1020100000AF78607B681B681B685B6AFB81FA898C
:102020007B68B3F904309BB2D31A9BB2BB817B6847
:10203000FA899A80B7F90C301846FEF75FFB034621
:102040000B491846FEF7AEFB03460A491846FEF751
:102050005DFC034608491846FEF7A4FB0346BB6037
:102060007B68BA689A60BB6818461037BD4680BD69
:102070000F344C4300D0364600007A4480B586B019
:1020800004AF03460A46FB711346BB71084B186840
:10209000FB799AB26423029301230193BB1D009341
:1020A0000123D02102F0F2F800BF0837BD4680BD01
:1020B000DC04002080B586B004AF03463960FB71B4
:1020C0001346BB71094B1868FB799AB2BB799BB276
:1020D0006421029101933B6800930123D02102F017
:1020E000CFF900BF0837BD4680BD00BFDC0400202B
:1020F00080B584B000AF78600023FB73154A7B681D
:10210000136007F10F03012219467520FFF7D2FF74
:10211000FB7B682B01D0012317E000216B20FFF728
:10212000ADFF0A2000F0E4FF00211920FFF7A6FF11
:1021300003211A20FFF7A2FF00211B20FFF79EFFBB
:1021400000211C20FFF79AFF002318461037BD46D8
:1021500080BD00BFDC04002080B586B000AF786091
:1021600007F108030E2219463B20FFF7A3FF3B7A35
:102170001BB21B021AB27B7A1BB213431AB27B68E2
:102180001A80BB7A1BB21B021AB2FB7A1BB2134332
:102190001AB27B685A803B7B1BB21B021AB27B7B54
:1021A0001BB213431AB27B689A80BB7B1BB21B0223
:1021B0001AB2FB7B1BB213431AB27B68DA803B7CFA
:1021C0001BB21B021AB27B7C1BB213431AB27B6890
:1021D0001A81BB7C1BB21B021AB2FB7C1BB21343DD
:1021E0001AB27B685A813B7D1BB21B021AB27B7DFF
:1021F0001BB213431AB27B689A8100BF1837BD46E1
:1022000080BD000080B582B000AF786039607B6827
:10221000B3F900301846FEF771FA03464FF08D41CE
:102220001846FEF773FB03461A463B681A607B6844
:10223000B3F902301846FEF761FA03464FF08D41BC
:102240001846FEF763FB03461A463B685A607B68F4
:10225000B3F904301846FEF751FA03464FF08D41AA
:102260001846FEF753FB03461A463B689A607B68A4
:10227000B3F906301846FEF741FA03461E491846E0
:10228000FEF744FB03461D491846FEF783F9034653
:102290001A463B68DA607B68B3F908301846FEF7E7
:1022A0002DFA034616491846FEF730FB03461A4638
:1022B0003B681A617B68B3F90A301846FEF71EFACC
:1022C00003460F491846FEF721FB03461A463B68B2
:1022D0005A617B68B3F90C301846FEF70FFA0346D3
:1022E00007491846FEF712FB03461A463B689A61F7
:1022F00000BF0837BD4680BD0000AA43B81E124289
:1023000000000343B0B584B000AFF860B9607A60F4
:10231000FB6883F00044B968B868FEF743FA0346E7
:102320001D4679687868FEF73DFA03461946284647
:10233000FEF730F90346184607F054FF03461946E6
:10234000204607F04DFF034604491846FEF72AFAD7
:10235000034618461037BD46B0BD00BFE62E6542A5
:1023600090B587B000AFF860B9607A60194B1B7800
:10237000002B08D0184ABB681360164B00221A7055
:10238000154B1B6822E07968F868FEF70BFA0346E4
:102390001A46114B1B6819461046FEF7FBF8034618
:1023A0007B610E497869FEF7FDF903461C460C492E
:1023B000B868FEF7F7F9034619462046FEF7EAF833
:1023C00003461A46044B1A60034B1B6818461C3719
:1023D000BD4690BD00000020E004002048E17A3FA7
:1023E0000AD7A33C90B587B000AF786039607B68AE
:1023F0001B6819463868FEF7D5F90346FB603B6851
:1024000023F000434A491846FEF76AFB0346002BB7
:1024100032D07B68DC687B685B6839681846FEF7F9
:10242000C1F9034619462046FEF7B4F803461A469A
:102430007B68DA607B68DA687B689B6919461046BE
:10244000FEF76CFB0346002B03D07B689A697B6820
:10245000DA607B68DA687B689B6983F00043194621
:102460001046FEF73DFB0346002B05D07B689B69B9
:1024700083F000427B68DA607B685B694FF00001A3
:102480001846FEF723FB0346002B0ED17B689A68A3
:102490007B685B6919461046FEF784F903467B6149
:1024A0007B684FF000025A610EE07B689C687B6895
:1024B0001B6919463868FEF76BF803461946204633
:1024C000FEF770F903467B617B683A681A617B68A6
:1024D000DB68F9681846FEF75DF803461946786927
:1024E000FEF758F803463B617B68DB69194638699B
:1024F000FEF714FB0346002B02D07B68DB693B61CF
:102500007B68DB6983F0004319463869FEF7E8FA17
:102510000346002B04D07B68DB6983F000433B61FA
:102520007B683A691A623B6918461C37BD4690BD04
:102530000000C84280B58AB000AFF860B9607A6028
:102540003B60396B3868FEF725F803464FF0804151
:102550001846FEF7DBF903461946F868FEF718F847
:1025600003463B62396A3548FFF73CFF334B1B6A31
:10257000FB61B968F869FEF70BF80346BB617B683D
:1025800083F000432E4A5361B9692D48FFF72AFFB3
:10259000396B3868FDF7FCFF03467B617969294890
:1025A000FFF720FF264B1B6A264A126A114618467F
:1025B000FDF7EEFF03461846FEF7BAFA0346FB8422
:1025C0001F4B1B6A1F4A126A11461846FDF7E2FFAD
:1025D00003461846FEF7ACFA0346BB84B7F926302B
:1025E000B3F57A7F02DD4FF47A73FB84B7F92630B6
:1025F00013F57A7F02DA4FF61843FB84B7F92430DB
:10260000B3F57A7F02DD4FF47A73BB84B7F92430D7
:1026100013F57A7F02DA4FF61843BB84B7F92630F8
:1026200019460948FFF7A0FBB7F9243019460748B7
:10263000FFF79AFB00BF2837BD4680BD0805002084
:10264000E40400202C0500207404002098040020DD
:1026500080B500AF0B4B002283F84020094B0022CD
:1026600083F84120074B0022A3F8C220402200211A
:10267000044805F02FFD80220021034805F02AFDC3
:1026800000BF80BD500500209205002080B582B0BB
:1026900000AF0346FB71FB79433B112B4AD801A2E3
:1026A00052F823F0272700083527000835270008AF
:1026B000352700083527000835270008352700088A
:1026C000352700083527000835270008352700087A
:1026D000352700083527000821270008352700087E
:1026E00035270008ED26000813270008144B1B7837
:1026F000012B03D0124B1B78052B06D1104B022265
:102700001A70104800F0E2F815E00F4800F0DEF80B
:1027100011E00B4B05221A700C4800F0D7F80AE0C4
:1027200000F08CF807E00A4800F0D0F8094800F003
:10273000CDF800E000BF00BF0837BD4680BD00BF38
:10274000F4010020ACA60008C4A60008DCA600081E
:10275000ECA6000800A7000880B584B000AF786040
:102760007B681B78532B29D17B6801331B783A2B6C
:1027700024D17B680233184604F07BFD02460B46E9
:1027800010461946FDF7B0FE0346FB604FF07E5140
:10279000F868FEF7C3F90346002B02D04FF07E53D2
:1027A000FB602349F868FEF79BF90346002B01D034
:1027B0001F4BFB601F4AFB68136034E07B681B788B
:1027C000542B29D17B6801331B783A2B24D17B68A9
:1027D0000233184604F04DFD02460B4610461946DA
:1027E000FDF782FE0346BB604FF07E51B868FEF7EE
:1027F00095F90346002B02D04FF07E53BB600C4985
:10280000B868FEF76DF90346002B01D0084BBB609A
:10281000094ABB68136006E07B681B78502B02D125
:1028200000F00CF8FFE700BF1037BD4680BD00BFC9
:10283000000080BF04020020080200202DE9B04300
:1028400096B006AF1B4B1B681846FDF7F5FD80469A
:102850008946194B1B68194A126811461846FDF73C
:1028600099FE03464FF080411846FEF74FF80346A5
:102870001846FDF7E1FD04460D46114B1B6818464E
:10288000FDF7DAFD02460B460E49097838460491F9
:10289000CDE90223CDE9004542464B460A4905F001
:1028A000B3FB3B46184600F011F800BF4037BD4669
:1028B000BDE8B083F8010020FC01002000020020E8
:1028C0000C020020F401002014A7000880B582B09B
:1028D00000AF78607868FEF751F903469AB2642336
:1028E0007968034804F0B3F800BF0837BD4680BDDF
:1028F0008803002080B582B000AF0346FB71FB79EE
:10290000532B08D0FB79542B05D0FB79502B02D0E8
:10291000FB79432B04D1FB791846FFF7B7FE2AE079
:10292000FB790A2B02D0FB790D2B13D1134B93F8B3
:102930004030002B1FD0114B93F840301A460F4BFC
:10294000002199540D48FFF707FF0C4B002283F834
:10295000402010E0094B93F840303E2B0BD8074B3A
:1029600093F840305A1CD1B2044A82F840101946FC
:10297000024AFB7953540837BD4680BD50050020FC
:1029800080B582B000AF00F0A9FB7860064B1B68F1
:102990007A68D31A632B02D9034A7B68136000BF9D
:1029A0000837BD4680BD00BF1406002080B500AFCB
:1029B00000F008F80346024A136000BF80BD00BF64
:1029C0000C02002080B582B000AF00237B60154868
:1029D00000F08AFC6421134800F060FD0346002BE0
:1029E00003D1104800F054FE78600E4800F02AFD34
:1029F0007868FDF77FFE03460B491846FDF7D2FEC7
:102A000003464FF08B411846FDF780FF03461946F9
:102A10001846FDF7BFFD03463B603B681846083784
:102A2000BD4680BD080400203333534080B582B0DA
:102A300000AFFFF7C7FF78600C4A7B6813600C4952
:102A40007868FEF74DF80346002B01D0022309E019
:102A500008497868FEF744F80346002B01D00123AB
:102A600000E0002318460837BD4680BD0C02002058
:102A7000333353400000604080B582B000AF7860CF
:102A80007B6823F0004315491846FEF747F80346D4
:102A9000002B17D0124B1B78002B08D1104B0122B2
:102AA0001A7000F01BFB03460E4A136010E000F0A2
:102AB00015FB02460B4B1B68D31AB3F5FA6F07D30D
:102AC000012306E0064B00221A70064B00221A6012
:102AD000002318460837BD4680BD00BF00003442C1
:102AE0001C0600201806002080B582B000AF00F060
:102AF000F5FA7860254B1B687A68D31A632B41D9A5
:102B0000224A7B681360FFF791FF0346FB70FB7856
:102B1000022B03D11E4B03221A7034E0FB78012BE9
:102B200006D11B4B1B78022B02D1194B03221A70C2
:102B3000174B1B78022B0AD1164B1B681846FFF760
:102B40009BFF0346002B02D0114B04221A70104B3E
:102B50001B78032B06D1FB78002B14D10C4B0122E0
:102B60001A7010E00A4B1B78042B0CD1094B1B6820
:102B70001846FFF781FF0346002B04D1044B0122C6
:102B80001A7000E000BF0837BD4680BD2006002057
:102B9000F4010020F801002080B500AF00F062F8D9
:102BA00000F07AF800BF80BD80B582B000AF034668
:102BB000FB80FB8803F00103002B05D001220121DB
:102BC000164801F0FDF904E000220121134801F04C
:102BD000F7F9FB8803F00203002B05D00122022144
:102BE0000E4801F0EDF904E0002202210B4801F04B
:102BF000E7F9FB8803F00403002B05D00122042130
:102C0000064801F0DDF904E000220421034801F048
:102C1000D7F900BF0837BD4680BD00BF0010014096
:102C200080B582B000AF03460A46FB801346BB80E6
:102C3000084AFB881380084ABB881380074B002290
:102C40001A7000F04BFA0346054A136000BF0837BC
:102C5000BD4680BD24060020020000202C06002076
:102C60002806002080B500AF00220121084801F0AD
:102C7000A7F900220221064801F0A2F9002204214E
:102C8000034801F09DF9034B00221A8000BF80BD6C
:102C9000001001402406002080B500AF0022102162
:102CA000024801F08DF900BF80BD00BF0010014057
:102CB00080B582B000AF0346FB71FB79062B2FD89D
:102CC00001A252F823F000BFE52C0008ED2C00080B
:102CD000F52C0008FD2C0008092D0008112D000816
:102CE000172D00080420FFF75FFF19E00420FFF70D
:102CF0005BFF15E00220FFF757FF11E04FF4FA7178
:102D00000320FFF78DFF0BE00120FFF74DFF07E0E9
:102D1000FFF7A8FF04E0C8210120FFF781FF00BFF3
:102D200000BF0837BD4680BD80B582B000AF174BED
:102D30001B88002B26D000F0D1F97860144B1B685B
:102D40007A68D31A134A1288520892B293421AD35D
:102D50000F4A7B681360104B1B78002B0CBF0123BC
:102D60000023DBB21A460C4B1A700B4B1B78002B5E
:102D700005D0064B1B881846FFF716FF03E0FFF748
:102D800071FF00E000BF0837BD4680BD240600206B
:102D900028060020020000202C06002080B400AF8E
:102DA0002E4B1B682D4A43F0010313602B4B5A68CE
:102DB0002A492B4B13404B60284B1B68274A23F0B2
:102DC000847323F480331360244B1B68234A23F459
:102DD00080231360214B5B68204A23F4FE03536079
:102DE0001E4B4FF41F029A601C4B1B681B4A43F09A
:102DF00001031360194B5A681849194B13404B6073
:102E0000164B1B68154A23F0847323F48033136038
:102E1000124B1B68114A23F4802313600F4B5B682D
:102E20000E4A23F4FE0353600C4B4FF41F029A60CA
:102E30000A4B1B68094A43F08073136000BF074BBD
:102E40001B6803F00073002BF9D0064B4FF00062B3
:102E50009A6000BFBD4680BC704700BF00100240B2
:102E60000000FFF800ED00E080B400AF0123184639
:102E7000BD4680BC704780B582B000AF78603960D5
:102E800005F088F9034616221A604FF0FF33184602
:102E90000837BD4680BD80B582B000AF78604FF086
:102EA000FF317868FFF7E7FF00BFFDE780B586B028
:102EB00000AFF860B9607A6000237B610AE0AFF38D
:102EC00000800146BB685A1CBA60CAB21A707B699E
:102ED00001337B617A697B689A42F0DB7B68184634
:102EE0001837BD4680BD80B586B000AFF860B960C8
:102EF0007A6000237B6109E0BB685A1CBA601B78CA
:102F00001846AFF300807B6901337B617A697B6887
:102F10009A42F1DB7B6818461837BD4680BD80B405
:102F200083B000AF78604FF0FF3318460C37BD46D2
:102F300080BC704780B483B000AF786039603B6874
:102F40004FF400525A60002318460C37BD4680BC2F
:102F5000704780B483B000AF7860012318460C3707
:102F6000BD4680BC704780B485B000AFF860B960E2
:102F70007A60002318461437BD4680BC70470000B5
:102F800080B586B000AF7860144A154BD31A7B61C8
:102F90007B693B61134B1B68002B02D1114B124A1A
:102FA0001A60104B1A687B6813443A699A4207D238
:102FB00005F0F0F803460C221A604FF0FF3309E0E9
:102FC000084B1B68FB60074B1A687B681344054A73
:102FD0001360FB6818461837BD4680BD00500020BE
:102FE00000040000300600208807002080B500AFF4
:102FF00000F062F800BF80BD80B500AF024803F06A
:103000000DFE00BF80BD00BF8803002080B500AF6B
:10301000024803F003FE00BF80BD00BFC8030020CC
:1030200080B500AF084B1B68074A43F010031360DC
:10303000032000F089FD0F2000F00EF800F006F8E4
:103040000023184680BD00BF0020024080B400AFBE
:1030500000BFBD4680BC704780B582B000AF7860CD
:10306000124B1A68124B1B7819464FF47A73B3FB54
:10307000F1F3B2FBF3F3184600F09BFD0346002B7F
:1030800001D001230EE07B680F2B0AD8002279685B
:103090004FF0FF3000F063FD064A7B6813600023A9
:1030A00000E0012318460837BD4680BD040000201B
:1030B0000C0000200800002080B400AF054B1B78F6
:1030C0001A46054B1B681344034A136000BFBD46F4
:1030D00080BC70470C0000203406002080B400AF94
:1030E000024B1B681846BD4680BC70473406002062
:1030F00080B584B000AF7860FFF7F0FFB8607B6800
:10310000FB60FB68B3F1FF3F05D00A4B1B781A4602
:10311000FB681344FB6000BFFFF7E0FF0246BB689B
:10312000D31AFA689A42F7D800BF00BF1037BD46DD
:1031300080BD00BF0C00002080B586B000AF786075
:103140000023FB7500233B610023BB600023FB6071
:103150007B68002B01D10123BEE07B689B68002BBC
:103160007B689B6A002B09D17B680022DA627B684E
:10317000002283F824207868FEF76AFD786800F062
:10318000DDFB0346FB757B689B6A03F01003002B95
:1031900040F09980FB7D002B40F095807B689B6A16
:1031A00023F4885323F0020343F002027B689A62FF
:1031B0007B685A687B68DB691A437B681B7B5B0012
:1031C0001343BA681343BB607B689B68B3F5807F89
:1031D00003D07B689B68012B02D14FF4807300E021
:1031E00000233A6913433B617B681B7D012B19D196
:1031F0007B681B7B002B09D17B689B69013B5A03D1
:103200003B69134343F400633B610BE07B689B6ABB
:1032100043F020027B689A627B68DB6A43F001021C
:103220007B68DA627B681B685B6823F469417B68B2
:103230001B683A690A435A607B681B689A68284B86
:1032400013407A681268B9680B4393607B689B6887
:10325000B3F5807F03D07B689B68012B04D17B682A
:103260001B69013B1B05FB607B681B68DB6A23F461
:1032700070017B681B68FA680A43DA627B681B6826
:103280009A68184B1340BA689A420BD17B680022A7
:10329000DA627B689B6A23F0030343F001027B68D8
:1032A0009A6218E07B689B6A23F0120343F01002D5
:1032B0007B689A627B68DB6A43F001027B68DA62B2
:1032C0000123FB7507E07B689B6A43F010027B6873
:1032D0009A620123FB75FB7D18461837BD4680BDF9
:1032E000FDF7E1FFFE0E1FFF80B584B000AF7860F0
:1032F0000023FB737B6893F82430012B01D1022358
:1033000098E07B68012283F82420786800F0C4FAF2
:103310000346FB73FB7B002B40F087807B689B6A36
:1033200023F4407323F0010343F480727B689A62B4
:103330007B681B68414A934205D1414B5B6803F4AB
:103340007023002B15D17B689B6A23F480127B6865
:103350009A627B681B685B6803F48063002B26D04D
:103360007B689B6A23F4405343F480527B689A62E3
:103370001DE07B689B6A43F480127B689A627B68DD
:103380001B682F4A934204D07B681B682B4A9342E8
:103390000DD12B4B5B6803F48063002B07D07B6857
:1033A0009B6A23F4405343F480527B689A627B68A3
:1033B0009B6A03F48053002B06D07B68DB6A23F002
:1033C00006027B68DA6202E07B680022DA627B68D0
:1033D000002283F824207B681B686FF002021A60C9
:1033E0007B681B689B6803F46023B3F5602F13D1DF
:1033F0007B681B68114A934205D1114B5B6803F44B
:103400007023002B08D17B681B689A687B681B6857
:1034100042F4A0029A600CE07B681B689A687B68A3
:103420001B6842F480129A6003E07B68002283F8F4
:103430002420FB7B18461037BD4680BD0028014084
:103440000024014080B584B000AF78600023FB7396
:103450007B6893F82430012B01D102231AE07B68AA
:10346000012283F82420786800F068FA0346FB7391
:10347000FB7B002B09D17B689B6A23F4885323F0E4
:10348000010343F001027B689A627B68002283F8A3
:103490002420FB7B18461037BD4680BD90B587B011
:1034A00000AF7860396000237B610023FB6000235C
:1034B0003B61FFF713FE78617B681B689B6803F430
:1034C0008073002B0BD07B689B6A43F020027B68E3
:1034D0009A627B68002283F824200123C8E07B687D
:1034E0001B685B6803F48073002B2AD17B681B6820
:1034F000DB6A03F47003002B23D11AE03B68B3F1BD
:10350000FF3F16D03B68002B07D0FFF7E7FD0246D0
:103510007B69D31A3A689A420BD27B689B6A43F064
:1035200004027B689A627B68002283F824200323CC
:103530009EE07B681B681B6803F00203002BDDD054
:103540006CE04D4B1C68022002F02CFA0346B4FBE1
:10355000F3F27B681B681969484B0B40002B18D1AC
:103560007B681B68D968464B0B40002B11D17B68E8
:103570001B681969434B0B40002B08D17B681B6803
:10358000D968414B0B40002B01D1142320E02923A3
:103590001EE07B681B6819693A4B0B40002B06D173
:1035A0007B681B68D968384B0B40002B0DD07B68BB
:1035B0001B681969354B0B40002B08D17B681B68D1
:1035C000D968324B0B40002B01D1542300E0FC237F
:1035D00002FB03F33B611DE03B68B3F1FF3F16D0F4
:1035E0003B68002B07D0FFF779FD02467B69D31AB1
:1035F0003A689A420BD27B689B6A43F004027B686C
:103600009A627B68002283F82420032330E0FB6861
:103610000133FB60FB683A699A42DDD87B681B681E
:103620006FF012021A607B689B6A43F400727B6839
:103630009A627B681B689B6803F46023B3F5602F74
:1036400015D17B681B7B002B11D17B689B6A23F40F
:1036500080727B689A627B689B6A03F48053002BBC
:1036600005D17B689B6A43F001027B689A62002364
:1036700018461C37BD4690BD040000202449922402
:10368000244992009224491292244900499224002C
:1036900080B483B000AF78607B681B68DB6C184631
:1036A0000C37BD4680BC704780B485B000AF7860F1
:1036B00039600023FB730023BB607B6893F82430E0
:1036C000012B01D10223DCE07B68012283F8242056
:1036D0003B685B68062B1CD87B681B68596B3B6892
:1036E0005A6813469B001344053B1F2202FA03F35A
:1036F000DB4319403B6818683B685A6813469B00D7
:103700001344053B00FA03F27B681B680A435A63C3
:103710003CE03B685B680C2B1CD87B681B68196B12
:103720003B685A6813469B001344233B1F2202FA4E
:1037300003F3DB4319403B6818683B685A6813463B
:103740009B001344233B00FA03F27B681B680A4387
:103750001A631BE07B681B68D96A3B685A6813468A
:103760009B001344413B1F2202FA03F3DB43194041
:103770003B6818683B685A6813469B001344413BFA
:1037800000FA03F27B681B680A43DA623B681B6835
:10379000092B1CD97B681B68D9683B681A681346DB
:1037A0005B0013441E3B072202FA03F3DB4319407C
:1037B0003B6898683B681A6813465B0013441E3BDD
:1037C00000FA03F27B681B680A43DA6019E07B6841
:1037D0001B6819693B681A6813465B00134407228B
:1037E00002FA03F3DB4319403B6898683B681A68A8
:1037F00013465B00134400FA03F27B681B680A431C
:103800001A613B681B68102B03D03B681B68112BA7
:1038100032D17B681B681D4A934225D17B681B68A7
:103820009B6803F40003002B26D17B681B689A6811
:103830007B681B6842F400029A603B681B68102B8F
:103840001AD1134B1B68134AA2FB03239A0C13468D
:103850009B0013445B00BB6002E0BB68013BBB60A4
:10386000BB68002BF9D107E07B689B6A43F020021C
:103870007B689A620123FB737B68002283F8242013
:10388000FB7B18461437BD4680BC704700240140BE
:103890000400002083DE1B4380B584B000AF786055
:1038A0000023FB600023BB607B681B689B6803F000
:1038B0000103012B39D07B681B689A687B681B6801
:1038C00042F001029A601B4B1B681B4AA2FB0323B8
:1038D0009B0CBB6002E0BB68013BBB60BB68002B7C
:1038E000F9D1FFF7FBFBF86018E0FFF7F7FB0246A2
:1038F000FB68D31A022B11D97B689B6A43F0100234
:103900007B689A627B68DB6A43F001027B68DA625B
:103910007B68002283F82420012307E07B681B6872
:103920009B6803F00103012BDFD1002318461037F9
:10393000BD4680BD0400002083DE1B4380B584B0FB
:1039400000AF78600023FB607B681B689B6803F016
:103950000103012B27D17B681B689A687B681B6871
:1039600022F001029A60FFF7B9FBF86014E0FFF75C
:10397000B5FB0246FB68D31A022B0DD97B689B6A04
:1039800043F010027B689A627B68DB6A43F00102B5
:103990007B68DA62012307E07B681B689B6803F0A1
:1039A0000103012BE3D0002318461037BD4680BD2C
:1039B00080B485B000AF78607B6803F00703FB60DC
:1039C0000C4BDB68BB60BA684FF6FF031340BB606B
:1039D000FB681A02BB68134343F0BF6343F4003330
:1039E000BB60044ABB68D36000BF1437BD4680BCCF
:1039F000704700BF00ED00E080B400AF044BDB680F
:103A00001B0A03F007031846BD4680BC704700BF81
:103A100000ED00E080B483B000AF0346FB7197F97E
:103A20000730002B0BDBFB7903F01F02064997F9E7
:103A300007305B09012000FA02F241F8232000BFA1
:103A40000C37BD4680BC704700E100E080B483B015
:103A500000AF03463960FB7197F90730002B0ADB92
:103A60003B68DAB20C4997F907301201D2B20B4425
:103A700083F800230AE03B68DAB20849FB7903F0D7
:103A80000F03043B1201D2B20B441A7600BF0C376D
:103A9000BD4680BC704700BF00E100E000ED00E0E3
:103AA00080B489B000AFF860B9607A60FB6803F059
:103AB0000703FB61FB69C3F10703042B28BF042341
:103AC000BB61FB690433062B02D9FB69033B00E0B1
:103AD00000237B614FF0FF32BB6902FA03F3DA4344
:103AE000BB681A407B699A404FF0FF317B6901FA4D
:103AF00003F3D9437B680B40134318462437BD4674
:103B000080BC704780B582B000AF78607B68013BB5
:103B1000B3F1807F01D301230FE00A4A7B68013BA8
:103B200053600F214FF0FF30FFF790FF054B00224D
:103B30009A60044B07221A60002318460837BD46D6
:103B400080BD00BF10E000E080B582B000AF7860BB
:103B50007868FFF72DFF00BF0837BD4680BD80B5F0
:103B600086B000AF0346B9607A60FB7300237B61C7
:103B7000FFF742FF78617A68B9687869FFF790FFCC
:103B8000024697F90F3011461846FFF75FFF00BF56
:103B90001837BD4680BD80B582B000AF0346FB71CB
:103BA00097F907301846FFF735FF00BF0837BD46C5
:103BB00080BD80B582B000AF78607868FFF7A2FF63
:103BC000034618460837BD4680BD000080B584B066
:103BD00000AF78600023FB737B6893F82130022BE1
:103BE00005D07B6804229A630123FB7351E07B6854
:103BF0001B681A687B681B6822F00E021A607B68DB
:103C00001B681A687B681B6822F001021A607B68D7
:103C10001B68224A934229D07B681B68204A934242
:103C200022D07B681B681F4A93421AD07B681B68AE
:103C30001D4A934212D07B681B681C4A93420AD0EB
:103C40007B681B681A4A934202D14FF480130EE03E
:103C50004FF080730BE04FF4803308E04FF4805353
:103C600005E04FF4807302E0102300E00123114AC5
:103C700053607B68012283F821207B68002283F84F
:103C800020207B685B6B002B03D07B685B6B7868C4
:103C90009847FB7B18461037BD4680BD08000240A0
:103CA0001C00024030000240440002405800024024
:103CB0006C0002400000024080B48BB000AF78601E
:103CC000396000237B6200233B6269E101227B6A49
:103CD00002FA03F3FB613B681B68FA691340BB619E
:103CE000BA69FB699A4240F058813B685B689A4A1E
:103CF00093425ED0984A934275D8984A934258D0DE
:103D0000964A93426FD8964A934252D0944A93422D
:103D100069D8944A93424CD0924A934263D8924ACB
:103D2000934246D0904A93425DD8122B2AD8122B48
:103D300059D801A252F823F0B33D00088D3D000888
:103D40009F3D0008E13D0008E73D0008E73D000811
:103D5000E73D0008E73D0008E73D0008E73D0008B3
:103D6000E73D0008E73D0008E73D0008E73D0008A3
:103D7000E73D0008E73D0008E73D0008953D0008E5
:103D8000A93D0008794A934213D02CE03B68DB68D8
:103D90003B6229E03B68DB6804333B6224E03B681C
:103DA000DB6808333B621FE03B68DB680C333B6237
:103DB0001AE03B689B68002B02D104233B6213E0AE
:103DC0003B689B68012B05D108233B627B68FA693D
:103DD0001A6109E008233B627B68FA695A6103E0D3
:103DE00000233B6200E000BFBB69FF2B01D87B686A
:103DF00001E07B6804337B61BB69FF2B02D87B6ADF
:103E00009B0002E07B6A083B9B003B617B691A6870
:103E10000F213B6901FA03F3DB431A40396A3B691E
:103E200001FA03F31A437B691A603B685B6803F08D
:103E30008053002B00F0B1804D4B9B694C4A43F0FE
:103E4000010393614A4B9B6903F00103BB60BB68AC
:103E5000484A7B6A9B08023352F82330FB607B6A36
:103E600003F003039B000F2202FA03F3DB43FA681B
:103E70001340FB607B68404A934213D07B683F4A03
:103E800093420DD07B683E4A934207D07B683D4AFF
:103E9000934201D1032306E0042304E0022302E05D
:103EA000012300E000237A6A02F0030292009340AB
:103EB000FA681343FB602F497B6A9B080233FA6858
:103EC00041F823203B685B6803F48033002B06D065
:103ED0002D4B1A682C49BB6913430B6006E02A4B33
:103EE0001A68BB69DB43284913400B603B685B6879
:103EF00003F40033002B06D0234B5A682249BB69D8
:103F000013434B6006E0204B5A68BB69DB431E49F4
:103F100013404B603B685B6803F48013002B06D0B2
:103F2000194B9A681849BB6913438B6006E0164B1E
:103F30009A68BB69DB43144913408B603B685B683C
:103F400003F40013002B21D00F4BDA680E49BB6934
:103F50001343CB6021E000BF00003210000031109D
:103F600000002210000021100000121000001110AB
:103F7000001002400000014000080140000C014018
:103F80000010014000140140000401400B4BDA68AE
:103F9000BB69DB4309491340CB607B6A01337B6219
:103FA0003B681A687B6A22FA03F3002B7FF48EAE1B
:103FB00000BF00BF2C37BD4680BC704700040140E5
:103FC00080B483B000AF78600B467B8013467B7073
:103FD0007B78002B03D07A887B681A6103E07B88AA
:103FE0001A047B681A6100BF0C37BD4680BC70475D
:103FF00080B584B000AF78607B68002B01D10123CD
:104000002BE17B6893F83D30DBB2002B06D17B6857
:10401000002283F83C20786800F02EF97B68242287
:1040200083F83D207B681B681A687B681B6822F058
:1040300001021A607B681B681A687B681B6842F47F
:1040400000421A607B681B681A687B681B6822F450
:1040500000421A6001F0AAFBF8607B685B68814A45
:10406000934207D8FB68804A934294BF0123002300
:10407000DBB206E0FB687D4A934294BF0123002334
:10408000DBB2002B01D00123E7E0FB68784AA2FBFA
:1040900003239B0CBB607B681B685B6823F03F01BC
:1040A0007B681B68BA680A435A607B681B681B6A96
:1040B00023F03F017B685B686A4A934202D8BB6881
:1040C000013309E0BB684FF4967202FB03F3694ABF
:1040D000A2FB03239B0901337A6812680B43136226
:1040E0007B681B68DB6923F44F4222F0FF027B6888
:1040F0005B685C498B4219D8FB68591E7B685B681A
:104100005B00B1FBF3F3591C40F6FC730B40002B32
:104110000AD0FB68591E7B685B685B00B1FBF3F358
:104120000133C3F30B0351E004234FE07B689B682A
:10413000002B11D1FB68581E7B6859680B465B0049
:104140000B44B0FBF3F30133C3F30B03002B0CBFA1
:1041500001230023DBB212E0FB68581E7B6859681C
:104160000B469B000B4499000B44B0FBF3F3013367
:10417000C3F30B03002B0CBF01230023DBB2002B86
:1041800001D0012322E07B689B68002B0ED1FB68E5
:10419000581E7B6859680B465B000B44B0FBF3F379
:1041A0000133C3F30B0343F400430FE0FB68581ED5
:1041B0007B6859680B469B000B4499000B44B0FB8D
:1041C000F3F30133C3F30B0343F440437968096805
:1041D0001343CB617B681B681B6823F0C0017B68BD
:1041E000DA697B681B6A1A437B681B680A431A609A
:1041F0007B681B689B6823F4034323F0FF037A6802
:1042000011697A68D26811437A6812680B43936027
:104210007B681B68DB6823F0FF017B685A697B6859
:104220009B691A437B681B680A43DA607B681B68DA
:104230001A687B681B6842F001021A607B680022E2
:104240001A647B68202283F83D207B6800221A6371
:104250007B68002283F83E20002318461037BD46B5
:1042600080BD00BFA08601007F841E00FF083D00C6
:1042700083DE1B43D34D621080B483B000AF7860FF
:1042800000BF0C37BD4680BC7047000080B588B0C9
:1042900002AFF860084611461A4603467B810B467A
:1042A0003B811346FB80FEF719FF7861FB6893F8AA
:1042B0003D30DBB2202B40F0D9807B69009319237D
:1042C00001226D49F86800F0C1FC0346002B01D0C3
:1042D0000223CCE0FB6893F83C30012B01D1022390
:1042E000C5E0FB68012283F83C20FB681B681B6863
:1042F00003F00103012B07D0FB681B681A68FB68F9
:104300001B6842F001021A60FB681B681A68FB68B0
:104310001B6822F400621A60FB68212283F83D20AA
:10432000FB68402283F83E20FB6800221A64FB6889
:104330003A6A5A62FB68BA8C5A85FB685B8D9AB2FE
:10434000FB681A85FB684D4ADA62F8883A897989F0
:104350007B690193BB6A00930346F86800F0F8FAA2
:104360000346002B52D0012381E07A69B96AF868CC
:1043700000F042FD0346002B0DD0FB681B6C042BA4
:1043800007D1FB681B681A68FB681B6842F400725F
:104390001A6001236BE0FB685B6A1A78FB681B6894
:1043A0001A61FB685B6A5A1CFB685A62FB681B8DCA
:1043B000013B9AB2FB681A85FB685B8D9BB2013B9F
:1043C0009AB2FB685A85FB681B685B6903F00403BB
:1043D000042B1BD1FB681B8D002B17D0FB685B6A7D
:1043E0001A78FB681B681A61FB685B6A5A1CFB68D9
:1043F0005A62FB681B8D013B9AB2FB681A85FB6809
:104400005B8D9BB2013B9AB2FB685A85FB681B8DA2
:10441000002BAAD17A69B96AF86800F02EFD03462C
:10442000002B0DD0FB681B6C042B07D1FB681B68AD
:104430001A68FB681B6842F400721A60012316E0D8
:10444000FB681B681A68FB681B6842F400721A60FC
:10445000FB68202283F83D20FB68002283F83E2081
:10446000FB68002283F83C20002300E0022318466A
:104470001837BD4680BD00BF020010000000FFFFDE
:1044800080B58CB002AFF860084611461A46034664
:104490007B810B463B811346FB8000233B62FEF78A
:1044A0001DFE7862FB6893F83D30DBB2202B40F0B4
:1044B00044827B6A0093192301228249F86800F044
:1044C000C5FB0346002B01D0022337E2FB6893F8BB
:1044D0003C30012B01D1022330E2FB68012283F83A
:1044E0003C20FB681B681B6803F00103012B07D00D
:1044F000FB681B681A68FB681B6842F001021A60BF
:10450000FB681B681A68FB681B6822F400621A606B
:10451000FB68222283F83D20FB68402283F83E207E
:10452000FB6800221A64FB683A6B5A62FB68BA8E19
:104530005A85FB685B8D9AB2FB681A85FB68624AF4
:10454000DA62F8883A8979897B6A0193BB6B0093B8
:104550000346F86800F092FA0346002B01D00123CD
:10456000ECE1FB681B8D002B13D10023FB61FB6882
:104570001B685B69FB61FB681B689B69FB61FB69EE
:10458000FB681B681A68FB681B6842F400721A60BB
:10459000C0E1FB681B8D012B1ED1FB681B681A68EC
:1045A000FB681B6822F480621A6072B600BF0023A9
:1045B000BB61FB681B685B69BB61FB681B689B692F
:1045C000BB61BB69FB681B681A68FB681B6842F427
:1045D00000721A6062B635E0FB681B8D022B1ED19B
:1045E000FB681B681A68FB681B6842F400621A606B
:1045F00072B600BF00237B61FB681B685B697B614F
:10460000FB681B689B697B617B69FB681B681A6898
:10461000FB681B6822F480621A6062B612E0FB68D5
:104620001B681A68FB681B6842F480621A600023EA
:104630003B61FB681B685B693B61FB681B689B69AE
:104640003B613B6966E1FB681B8D032B00F21F8118
:10465000FB681B8D012B23D17A6AB96BF86800F0D7
:104660004DFC0346002B01D0012367E1FB681B686A
:104670001A69FB685B6AD2B21A70FB685B6A5A1CE3
:10468000FB685A62FB681B8D013B9AB2FB681A8576
:10469000FB685B8D9BB2013B9AB2FB685A8539E19E
:1046A000FB681B8D022B52D17B6A0093BB6B0022EF
:1046B0000649F86800F0CAFA0346002B08D0012327
:1046C0003CE100BF020010000000FFFF04000100F9
:1046D00072B600BFFB681B681A68FB681B6842F46F
:1046E00000721A60FB681B681A69FB685B6AD2B2C9
:1046F0001A70FB685B6A5A1CFB685A62FB681B8D68
:10470000013B9AB2FB681A85FB685B8D9BB2013B4B
:104710009AB2FB685A8562B600BFFB681B681A69CB
:10472000FB685B6AD2B21A70FB685B6A5A1CFB6852
:104730005A62FB681B8D013B9AB2FB681A85FB68C5
:104740005B8D9BB2013B9AB2FB685A85E2E07B6AC3
:104750000093BB6B00227B49F86800F077FA0346B0
:10476000002B01D00123E9E0FB681B681A68FB6895
:104770001B6822F480621A6072B600BFFB681B6877
:104780001A69FB685B6AD2B21A70FB685B6A5A1CD2
:10479000FB685A62FB681B8D013B9AB2FB681A8565
:1047A000FB685B8D9BB2013B9AB2FB685A85664BF6
:1047B0001B68DB08654AA2FB03231A0A13469B0009
:1047C0001344DA00D31A3B623B6A013B3B623B6A0B
:1047D000002B18D1FB6800221A63FB68202283F8A3
:1047E0003D20FB68002283F83E20FB681B6C43F0F1
:1047F0002002FB681A6462B600BFFB68002283F8DF
:104800003C2001239AE0FB681B685B6903F004030A
:10481000042BD9D1FB681B681A68FB681B6842F43B
:1048200000721A60FB681B681A69FB685B6AD2B287
:104830001A70FB685B6A5A1CFB685A62FB681B8D26
:10484000013B9AB2FB681A85FB685B8D9BB2013B0A
:104850009AB2FB685A8562B600BFFB681B681A698A
:10486000FB685B6AD2B21A70FB685B6A5A1CFB6811
:104870005A62FB681B8D013B9AB2FB681A85FB6884
:104880005B8D9BB2013B9AB2FB685A8542E07A6A23
:10489000B96BF86800F032FB0346002B01D001230E
:1048A0004CE0FB681B681A69FB685B6AD2B21A703D
:1048B000FB685B6A5A1CFB685A62FB681B8D013BF4
:1048C0009AB2FB681A85FB685B8D9BB2013B9AB27A
:1048D000FB685A85FB681B685B6903F00403042BC3
:1048E00018D1FB681B681A69FB685B6AD2B21A7040
:1048F000FB685B6A5A1CFB685A62FB681B8D013BB4
:104900009AB2FB681A85FB685B8D9BB2013B9AB239
:10491000FB685A85FB681B8D002B7FF494AEFB6807
:10492000202283F83D20FB68002283F83E20FB68AC
:10493000002283F83C20002300E002231846283799
:10494000BD4680BD040001000400002089B5F814B4
:1049500080B588B002AFF860084611461A46034693
:104960007B810B463B811346FB80FB681B681A6802
:10497000FB681B6842F480721A607B6A00933B6A92
:1049800000224FF00111F86800F060F90346002B97
:104990000DD0FB681B681B6803F48073B3F5807F40
:1049A00003D1FB684FF400721A6403235FE07B8934
:1049B000DBB21A46FB681B6802F0FE021A617B6AD2
:1049C0003A6A2D49F86800F098F90346002B01D0A7
:1049D00001234CE000237B61FB681B685B697B6102
:1049E000FB681B689B697B617B697A6A396AF86836
:1049F00000F002FA0346002B0DD0FB681B6C042B61
:104A000007D1FB681B681A68FB681B6842F40072D8
:104A10001A6001232BE0FB88012B05D13B89DAB218
:104A2000FB681B681A6121E03B891B0A9BB2DAB262
:104A3000FB681B681A617A6A396AF86800F0DCF969
:104A40000346002B0DD0FB681B6C042B07D1FB68C1
:104A50001B681A68FB681B6842F400721A60012325
:104A600005E03B89DAB2FB681B681A61002318462F
:104A70001837BD4680BD00BF0200010080B588B078
:104A800002AFF860084611461A4603467B810B4682
:104A90003B811346FB80FB681B681A68FB681B6838
:104AA00042F480621A60FB681B681A68FB681B6826
:104AB00042F480721A607B6A00933B6A00224FF0D6
:104AC0000111F86800F0C2F80346002B0DD0FB6816
:104AD0001B681B6803F48073B3F5807F03D1FB6808
:104AE0004FF400721A640323AAE07B89DBB21A46F2
:104AF000FB681B6802F0FE021A617B6A3A6A52493F
:104B0000F86800F0FAF80346002B01D0012397E083
:104B100000237B61FB681B685B697B61FB681B682A
:104B20009B697B617B697A6A396AF86800F064F98D
:104B30000346002B0DD0FB681B6C042B07D1FB68D0
:104B40001B681A68FB681B6842F400721A60012334
:104B500076E0FB88012B05D13B89DAB2FB681B6844
:104B60001A6121E03B891B0A9BB2DAB2FB681B6821
:104B70001A617A6A396AF86800F03EF90346002B38
:104B80000DD0FB681B6C042B07D1FB681B681A68EF
:104B9000FB681B6842F400721A60012350E03B89F5
:104BA000DAB2FB681B681A617A6A396AF86800F041
:104BB00023F90346002B0DD0FB681B6C042B07D197
:104BC000FB681B681A68FB681B6842F400721A6075
:104BD000012335E0FB681B681A68FB681B6842F418
:104BE00080721A607B6A00933B6A00224FF00111C9
:104BF000F86800F02BF80346002B0DD0FB681B680B
:104C00001B6803F48073B3F5807F03D1FB684FF416
:104C100000721A64032313E07B89DBB243F00103C3
:104C2000DAB2FB681B681A617B6A3A6A0649F8685F
:104C300000F063F80346002B01D0012300E00023BD
:104C400018461837BD4680BD0200010080B584B00B
:104C500000AFF860B9603B601346FB7125E03B682C
:104C6000B3F1FF3F21D0FEF739FA0246BB69D31AF0
:104C70003A689A4202D33B68002B16D1FB680022A7
:104C80001A63FB68202283F83D20FB68002283F82A
:104C90003E20FB681B6C43F02002FB681A64FB6833
:104CA000002283F83C20012323E0BB681B0CDBB20D
:104CB000012B0DD1FB681B685B69DA43BB681340AD
:104CC0009BB2002B0CBF01230023DBB21A460CE081
:104CD000FB681B689B69DA43BB6813409BB2002BDF
:104CE0000CBF01230023DBB21A46FB799A42B6D0EF
:104CF000002318461037BD4680BD80B584B000AF94
:104D0000F860B9607A603B6051E0FB681B685B69E2
:104D100003F48063B3F5806F23D1FB681B681A68C6
:104D2000FB681B6842F400721A60FB681B686FF432
:104D300080625A61FB6800221A63FB68202283F8B4
:104D40003D20FB68002283F83E20FB681B6C43F08B
:104D50000402FB681A64FB68002283F83C200123EC
:104D600046E07B68B3F1FF3F21D0FEF7B7F902467A
:104D70003B68D31A7A689A4202D37B68002B16D11B
:104D8000FB6800221A63FB68202283F83D20FB6841
:104D9000002283F83E20FB681B6C43F02002FB6876
:104DA0001A64FB68002283F83C20012320E0BB68E2
:104DB0001B0CDBB2012B0CD1FB681B685B69DA436F
:104DC000BB6813409BB2002B14BF01230023DBB24E
:104DD0000BE0FB681B689B69DA43BB6813409BB21E
:104DE000002B14BF01230023DBB2002B8DD1002345
:104DF00018461037BD4680BD80B584B000AFF8605E
:104E0000B9607A602DE0F86800F0CEF80346002B18
:104E100001D001232DE0BB68B3F1FF3F21D0FEF7A5
:104E20005DF902467B68D31ABA689A4202D3BB681E
:104E3000002B16D1FB6800221A63FB68202283F83E
:104E40003D20FB68002283F83E20FB681B6C43F08A
:104E50002002FB681A64FB68002283F83C200123CF
:104E600007E0FB681B685B6903F08003802BCAD1F5
:104E7000002318461037BD4680BD80B584B000AF12
:104E8000F860B9607A602DE0F86800F08DF80346AC
:104E9000002B01D001232DE0BB68B3F1FF3F21D0EF
:104EA000FEF71CF902467B68D31ABA689A4202D30D
:104EB000BB68002B16D1FB6800221A63FB68202216
:104EC00083F83D20FB68002283F83E20FB681B6CC2
:104ED00043F02002FB681A64FB68002283F83C2040
:104EE000012307E0FB681B685B6903F00403042BE4
:104EF000CAD1002318461037BD4680BD80B584B0A6
:104F000000AFF860B9607A6042E0FB681B685B69DB
:104F100003F01003102B19D1FB681B686FF010020F
:104F20005A61FB6800221A63FB68202283F83D2047
:104F3000FB68002283F83E20FB681A6CFB681A6449
:104F4000FB68002283F83C20012329E0FEF7C6F825
:104F500002467B68D31ABA689A4202D3BB68002B18
:104F600016D1FB6800221A63FB68202283F83D20DB
:104F7000FB68002283F83E20FB681B6C43F0200294
:104F8000FB681A64FB68002283F83C20012307E0D9
:104F9000FB681B685B6903F04003402BB5D100231D
:104FA00018461037BD4680BD80B483B000AF78602E
:104FB0007B681B685B6903F48063B3F5806F1BD16A
:104FC0007B681B686FF480625A617B6800221A63F9
:104FD0007B68202283F83D207B68002283F83E20F6
:104FE0007B681B6C43F004027B681A647B680022B8
:104FF00083F83C20012300E0002318460C37BD460F
:1050000080BC704780B586B000AF78607B68002BAD
:1050100001D1012372E27B681B6803F00103002BBE
:1050200000F08780924B5B6803F00C03042B0CD0DC
:105030008F4B5B6803F00C03082B12D18C4B5B6821
:1050400003F48033B3F5803F0BD1894B1B6803F425
:105050000033002B6CD07B685B68002B68D1012388
:105060004CE27B685B68B3F5803F06D1804B1B68E0
:105070007F4A43F4803313602EE07B685B68002B2B
:105080000CD17B4B1B687A4A23F480331360784B36
:105090001B68774A23F4802313601DE07B685B68FC
:1050A000B3F5A02F0CD1724B1B68714A43F48023D7
:1050B00013606F4B1B686E4A43F4803313600BE040
:1050C0006B4B1B686A4A23F480331360684B1B6880
:1050D000674A23F4802313607B685B68002B13D03E
:1050E000FDF7FCFF386108E0FDF7F8FF02463B6979
:1050F000D31A642B01D9032300E25D4B1B6803F430
:105100000033002BF0D014E0FDF7E8FF386108E031
:10511000FDF7E4FF02463B69D31A642B01D9032350
:10512000ECE1534B1B6803F40033002BF0D100E09B
:1051300000BF7B681B6803F00203002B63D04C4B5D
:105140005B6803F00C03002B0BD0494B5B6803F04A
:105150000C03082B1CD1464B5B6803F48033002BF7
:1051600016D1434B1B6803F00203002B05D07B686C
:105170001B69012B01D00123C0E13D4B1B6823F0CB
:10518000F8027B685B69DB00394913430B603AE046
:105190007B681B69002B20D0364B01221A60FDF77B
:1051A0009DFF386108E0FDF799FF02463B69D31A7D
:1051B000022B01D90323A1E12D4B1B6803F002034D
:1051C000002BF0D02A4B1B6823F0F8027B685B6948
:1051D000DB00274913430B6015E0264B00221A60C1
:1051E000FDF77CFF386108E0FDF778FF02463B6978
:1051F000D31A022B01D9032380E11D4B1B6803F056
:105200000203002BF0D17B681B6803F00803002B1E
:105210003AD07B689B69002B19D0174B01221A608A
:10522000FDF75CFF386108E0FDF758FF02463B6977
:10523000D31A022B01D9032360E10D4B5B6A03F003
:105240000203002BF0D0012000F0D8FA1CE00A4B3A
:1052500000221A60FDF742FF38610FE0FDF73EFFC4
:1052600002463B69D31A022B08D9032346E100BF4B
:10527000001002400000424280044242924B5B6AAE
:1052800003F00203002BE9D17B681B6803F00403E1
:10529000002B00F0A6800023FB758B4BDB6903F02D
:1052A0008053002B0DD1884BDB69874A43F0805334
:1052B000D361854BDB6903F08053BB60BB6801237E
:1052C000FB75824B1B6803F48073002B18D17F4B56
:1052D0001B687E4A43F480731360FDF7FFFE38615C
:1052E00008E0FDF7FBFE02463B69D31A642B01D9A7
:1052F000032303E1754B1B6803F48073002BF0D08C
:105300007B68DB68012B06D16F4B1B6A6E4A43F04A
:10531000010313622DE07B68DB68002B0CD16A4B24
:105320001B6A694A23F001031362674B1B6A664AD2
:1053300023F0040313621CE07B68DB68052B0CD1AF
:10534000614B1B6A604A43F0040313625E4B1B6AA5
:105350005D4A43F0010313620BE05B4B1B6A5A4A40
:1053600023F001031362584B1B6A574A23F00403CE
:1053700013627B68DB68002B15D0FDF7AFFE386148
:105380000AE0FDF7ABFE02463B69D31A41F28832D0
:10539000934201D90323B1E04B4B1B6A03F0020394
:1053A000002BEED014E0FDF799FE38610AE0FDF71E
:1053B00095FE02463B69D31A41F28832934201D9E5
:1053C00003239BE0404B1B6A03F00203002BEED14A
:1053D000FB7D012B05D13C4BDB693B4A23F080531D
:1053E000D3617B68DB69002B00F08780364B5B68FC
:1053F00003F00C03082B61D07B68DB69022B46D1DC
:10540000334B00221A60FDF769FE386108E0FDF7B2
:1054100065FE02463B69D31A022B01D903236DE0D6
:10542000294B1B6803F00073002BF0D17B681B6ACB
:10543000B3F5803F08D1244B5B6823F400327B68CE
:105440009B68214913434B601F4B5B6823F4741224
:105450007B68196A7B685B6A0B431B4913434B608B
:105460001B4B01221A60FDF739FE386108E0FDF799
:1054700035FE02463B69D31A022B01D903233DE0D6
:10548000114B1B6803F00073002BF0D035E0104B7C
:1054900000221A60FDF722FE386108E0FDF71EFECB
:1054A00002463B69D31A022B01D9032326E0064B9F
:1054B0001B6803F00073002BF0D11EE07B68DB69F2
:1054C000012B07D1012319E00010024000700040B9
:1054D000600042420B4B5B68FB60FB6803F4803268
:1054E0007B681B6A9A4206D1FB6803F470127B68E2
:1054F0005B6A9A4201D0012300E000231846183766
:10550000BD4680BD0010024080B584B000AF786019
:1055100039607B68002B01D10123D0E06A4B1B6806
:1055200003F007033A689A4210D9674B1B6823F0CF
:10553000070265493B6813430B60634B1B6803F02C
:1055400007033A689A4201D00123B8E07B681B68E0
:1055500003F00203002B20D07B681B6803F00403D8
:10556000002B05D0594B5B68584A43F4E063536005
:105570007B681B6803F00803002B05D0534B5B6866
:10558000524A43F460535360504B5B6823F0F0027F
:105590007B689B684D4913434B607B681B6803F035
:1055A0000103002B40D07B685B68012B07D1474B80
:1055B0001B6803F40033002B15D101237FE07B68C7
:1055C0005B68022B07D1414B1B6803F00073002B73
:1055D00009D1012373E03D4B1B6803F00203002B4C
:1055E00001D101236BE0394B5B6823F003027B6838
:1055F0005B68364913434B60FDF770FDF8600AE0C5
:10560000FDF76CFD0246FB68D31A41F288329342E3
:1056100001D9032353E02D4B5B6803F00C027B6838
:105620005B689B009A42EBD1274B1B6803F0070392
:105630003A689A4210D2244B1B6823F00702224991
:105640003B6813430B60204B1B6803F007033A6869
:105650009A4201D0012332E07B681B6803F0040307
:10566000002B08D0194B5B6823F4E0627B68DB6891
:10567000164913434B607B681B6803F00803002B3B
:1056800009D0124B5B6823F460527B681B69DB0016
:105690000E4913434B6000F021F802460B4B5B6848
:1056A0001B0903F00F030A49CB5C22FA03F3094AF2
:1056B0001360094B1B681846FDF7CEFC0023184603
:1056C0001037BD4680BD00BF0020024000100240E0
:1056D00050A70008040000200800002090B48AB001
:1056E00000AF294B3C1D0FCB84E80F0040F2012393
:1056F0003B800023FB610023BB6100237B6200230E
:105700007B6100233B62214B5B68FB61FB6903F01B
:105710000C03042B02D0082B03D02BE01C4B3B6264
:105720002BE0FB699B0C03F00F0328333B4413F879
:10573000243C7B61FB6903F48033002B12D0134BB4
:105740005B685B0C03F0010328333B4413F8283CEF
:10575000BB617B690E4A03FB02F2BB69B2FBF3F348
:105760007B6204E07B690B4A02FB03F37B627B6A8A
:105770003B6202E0064B3B6200BF3B6A184628379B
:10578000BD4690BC704700BF30A700080010024023
:1057900000127A0000093D0080B400AF024B1B6884
:1057A0001846BD4680BC70470400002080B500AF9D
:1057B000FFF7F2FF0246054B5B681B0A03F0070385
:1057C0000349CB5C22FA03F3184680BD0010024067
:1057D00060A7000880B500AFFFF7DEFF0246054B6B
:1057E0005B68DB0A03F007030349CB5C22FA03F38F
:1057F000184680BD0010024060A7000880B485B044
:1058000000AF78600A4B1B680A4AA2FB03235B0ABD
:105810007A6802FB03F3FB6000BFFB685A1EFA6064
:10582000002BF9D100BF00BF1437BD4680BC7047C4
:1058300004000020D34D621080B586B000AF7860C0
:1058400000233B610023FB607B681B6803F00103BE
:10585000002B7DD00023FB754F4BDB6903F0805399
:10586000002B0DD14C4BDB694B4A43F08053D36185
:10587000494BDB6903F08053BB60BB680123FB75B8
:10588000464B1B6803F48073002B18D1434B1B68F5
:10589000424A43F480731360FDF720FC386108E04E
:1058A000FDF71CFC02463B69D31A642B01D9032384
:1058B0006DE03A4B1B6803F48073002BF0D0364B3D
:1058C0001B6A03F44073FB60FB68002B2ED07B68DF
:1058D0005B6803F44073FA689A4227D02E4B1B6A28
:1058E00023F44073FB602E4B01221A602C4B0022E4
:1058F0001A60294AFB681362FB6803F00103002B5E
:1059000014D0FDF7EBFB38610AE0FDF7E7FB024638
:105910003B69D31A41F28832934201D9032336E01E
:105920001D4B1B6A03F00203002BEED01A4B1B6ABF
:1059300023F440727B685B68174913430B62FB7D5D
:10594000012B05D1144BDB69134A23F08053D3613B
:105950007B681B6803F00203002B08D00E4B5B68CA
:1059600023F440427B689B680B4913434B607B6880
:105970001B6803F01003002B08D0074B5B6823F46F
:1059800080027B68DB68044913434B6000231846A0
:105990001837BD4680BD00BF0010024000700040B7
:1059A0004004424290B58DB000AF7860584B07F18B
:1059B0000C040FCB84E80F0040F201233B8100234D
:1059C0007B620023FB6200233B620023FB61002318
:1059D000BB627B68102B0AD07B68102B00F28E8094
:1059E0007B68012B49D07B68022B79D086E0494B3C
:1059F0005B68FB61474B1B6803F08073002B7FD013
:105A0000FB699B0C03F00F0330333B4413F8243C39
:105A10003B62FB6903F48033002B17D03D4B5B687E
:105A20005B0C03F0010330333B4413F8283C7B62EA
:105A3000FB6903F48033002B0DD0374A7B6AB2FB3D
:105A4000F3F23B6A02FB03F3FB6204E03B6A334A76
:105A500002FB03F3FB622F4B5B6803F48003B3F597
:105A6000800F02D1FB6ABB624AE0FB6A5B002C4AF2
:105A7000A2FB03235B08BB6242E0264B1B6AFB616F
:105A8000FB6903F44073B3F5807F08D1FB6903F031
:105A90000203002B03D04FF40043BB621FE0FB69FD
:105AA00003F44073B3F5007F09D11A4B5B6A03F02E
:105AB0000203002B03D049F64043BB620FE0FB69B1
:105AC00003F44073B3F5407F1CD1124B1B6803F401
:105AD0000033002B16D04FF22443BB6212E011E0DA
:105AE000FFF778FE02460B4B5B689B0B03F003034A
:105AF00001335B00B2FBF3F3BB6204E000BF02E0E2
:105B000000BF00E000BFBB6A18463437BD4690BDF9
:105B100040A700080010024000127A0000093D0072
:105B2000ABAAAAAA80B582B000AF78607B68002BD0
:105B300001D1012341E07B6893F83D30DBB2002BBB
:105B400006D17B68002283F83C207868FBF71AFFB7
:105B50007B68022283F83D207B681A687B680433E7
:105B60001946104600F024FC7B68012283F8462089
:105B70007B68012283F83E207B68012283F83F2066
:105B80007B68012283F840207B68012283F8412052
:105B90007B68012283F842207B68012283F843203E
:105BA0007B68012283F844207B68012283F845202A
:105BB0007B68012283F83D20002318460837BD4644
:105BC00080BD000080B485B000AF78607B6893F83A
:105BD0003D30DBB2012B01D001233AE07B68022289
:105BE00083F83D207B681B68DA687B681B6842F09D
:105BF0000102DA607B681B68184A93420ED07B680A
:105C00001B68B3F1804F09D07B681B68144A93422C
:105C100004D07B681B68134A934211D17B681B68D0
:105C20009B6803F00703FB60FB68062B10D07B68C2
:105C30001B681A687B681B6842F001021A6007E063
:105C40007B681B681A687B681B6842F001021A6057
:105C5000002318461437BD4680BC7047002C014015
:105C6000000400400008004080B582B000AF7860BA
:105C70007B68002B01D1012341E07B6893F83D3024
:105C8000DBB2002B06D17B68002283F83C207868C9
:105C9000FBF79EFE7B68022283F83D207B681A6832
:105CA0007B6804331946104600F082FB7B680122B2
:105CB00083F846207B68012283F83E207B6801221E
:105CC00083F83F207B68012283F840207B68012213
:105CD00083F841207B68012283F842207B680122FF
:105CE00083F843207B68012283F844207B680122EB
:105CF00083F845207B68012283F83D200023184665
:105D00000837BD4680BD000080B584B000AF786024
:105D100039603B68002B09D17B6893F83E30DBB2D9
:105D2000012B14BF01230023DBB222E03B68042BCC
:105D300009D17B6893F83F30DBB2012B14BF0123FC
:105D40000023DBB215E03B68082B09D17B6893F890
:105D50004030DBB2012B14BF01230023DBB208E08B
:105D60007B6893F84130DBB2012B14BF0123002381
:105D7000DBB2002B01D001235EE03B68002B04D195
:105D80007B68022283F83E2013E03B68042B04D199
:105D90007B68022283F83F200BE03B68082B04D18C
:105DA0007B68022283F8402003E07B68022283F8AC
:105DB00041207B681B6801223968184600F078FD95
:105DC0007B681B681E4A934207D17B681B685A6C2C
:105DD0007B681B6842F400425A647B681B68184A5F
:105DE00093420ED07B681B68B3F1804F09D07B686B
:105DF0001B68144A934204D07B681B68124A934282
:105E000011D17B681B689B6803F00703FB60FB688C
:105E1000062B10D07B681B681A687B681B6842F0F1
:105E200001021A6007E07B681B681A687B681B68C0
:105E300042F001021A60002318461037BD4680BDAB
:105E4000002C0140000400400008004080B586B0EE
:105E500000AF786039607B68002B01D1012393E0AB
:105E60007B6893F83D30DBB2002B06D17B680022C3
:105E700083F83C207868FBF7E9FD7B68022283F811
:105E80003D207B681B689B687A68126823F4804316
:105E900023F0070393607B681A687B680433194614
:105EA000104600F085FA7B681B689B687B617B6805
:105EB0001B689B693B617B681B681B6AFB603B68D6
:105EC0001B687A6913437B613B6923F4407323F0B9
:105ED00003033B613B689A683B689B691B02134361
:105EE0003A6913433B613B6923F4406323F00C039D
:105EF0003B613B6923F4704323F0F0033B613B6853
:105F0000DA683B68DB691B0213433A6913433B6160
:105F10003B681B691A013B681B6A1B0313433A6900
:105F200013433B61FB6823F02203FB603B685A6824
:105F30003B685B691B011343FA681343FB607B6892
:105F40001B687A699A607B681B683A699A617B680A
:105F50001B68FA681A627B68012283F846207B6816
:105F6000012283F83E207B68012283F83F207B6872
:105F7000012283F842207B68012283F843207B685A
:105F8000012283F83D20002318461837BD4680BD06
:105F900080B584B000AF786039607B6893F83E309C
:105FA000FB737B6893F83F30BB737B6893F8423098
:105FB0007B737B6893F843303B733B68002B10D1B5
:105FC000FB7B012B02D17B7B012B01D0012369E0FC
:105FD0007B68022283F83E207B68022283F84220FD
:105FE00031E03B68042B10D1BB7B012B02D13B7B02
:105FF000012B01D0012355E07B68022283F83F206A
:106000007B68022283F843201DE0FB7B012B08D133
:10601000BB7B012B05D17B7B012B02D13B7B012B71
:1060200001D001233EE07B68022283F83E207B689A
:10603000022283F83F207B68022283F842207B689B
:10604000022283F843203B68002B03D03B68042BDB
:1060500008D00FE07B681B6801220021184600F081
:1060600027FC16E07B681B6801220421184600F01B
:106070001FFC0EE07B681B6801220021184600F01F
:1060800017FC7B681B6801220421184600F010FCF5
:1060900000BF7B681B681A687B681B6842F00102BE
:1060A0001A60002318461037BD4680BD80B584B005
:1060B00000AFF860B9607A60FB6893F83C30012B60
:1060C00001D10223ACE0FB68012283F83C207B680D
:1060D0000C2B00F29F8001A252F823F011610008FE
:1060E0001562000815620008156200085161000879
:1060F0001562000815620008156200089361000827
:10610000156200081562000815620008D3610008D6
:10611000FB681B68B968184600F0ACF9FB681B689F
:106120009A69FB681B6842F008029A61FB681B6869
:106130009A69FB681B6822F004029A61FB681B687D
:106140009969BB681A69FB681B680A439A6162E037
:10615000FB681B68B968184600F0F2F9FB681B6819
:106160009A69FB681B6842F400629A61FB681B68CD
:106170009A69FB681B6822F480629A61FB681B685D
:106180009969BB681B691A02FB681B680A439A611C
:1061900041E0FB681B68B968184600F03BFAFB68F1
:1061A0001B68DA69FB681B6842F00802DA61FB6869
:1061B0001B68DA69FB681B6822F00402DA61FB687D
:1061C0001B68D969BB681A69FB681B680A43DA61F6
:1061D00021E0FB681B68B968184600F085FAFB6887
:1061E0001B68DA69FB681B6842F40062DA61FB68CD
:1061F0001B68DA69FB681B6822F48062DA61FB685D
:106200001B68D969BB681B691A02FB681B680A43D3
:10621000DA6100E000BFFB68002283F83C20002325
:1062200018461037BD4680BD80B584B000AF786099
:1062300039607B6893F83C30012B01D10223B3E035
:106240007B68012283F83C207B68022283F83D2092
:106250007B681B689B68FB60FB6823F07703FB602F
:10626000FB6823F47F43FB607B681B68FA689A60D5
:106270003B681B68B3F5005F3ED0B3F5005F00F2EA
:106280008780B3F5805F00F08580B3F5805F7FD8AD
:10629000702B1AD0702B7BD8602B50D0602B77D806
:1062A000502B3CD0502B73D8402B58D0402B6FD85C
:1062B000302B64D0302B6BD8202B60D0202B67D8AC
:1062C000002B5CD0102B5AD062E07B6818683B68CA
:1062D00099683B685A683B68DB6800F0CAFA7B68DB
:1062E0001B689B68FB60FB6843F07703FB607B687F
:1062F0001B68FA689A604EE07B6818683B6899688A
:106300003B685A683B68DB6800F0B3FA7B681B683F
:106310009A687B681B6842F480429A603BE07B6825
:1063200018683B6859683B68DB681A4600F02AFA2F
:106330007B681B685021184600F081FA2BE07B68CF
:1063400018683B6859683B68DB681A4600F048FAF1
:106350007B681B686021184600F071FA1BE07B68BF
:1063600018683B6859683B68DB681A4600F00AFA0F
:106370007B681B684021184600F061FA0BE07B68DF
:106380001A683B681B681946104600F058FA02E08C
:1063900000BF00E000BF7B68012283F83D207B68DE
:1063A000002283F83C20002318461037BD4680BDEC
:1063B00080B485B000AF786039607B681B68FB6093
:1063C0007B68294A93420BD07B68B3F1804F07D09A
:1063D0007B68264A934203D07B68254A934208D1C2
:1063E000FB6823F07003FB603B685B68FA6813434B
:1063F000FB607B681C4A93420BD07B68B3F1804FF3
:1064000007D07B68194A934203D07B68184A9342AD
:1064100008D1FB6823F44073FB603B68DB68FA68D3
:106420001343FB60FB6823F080023B685B69134306
:10643000FB607B68FA681A603B689A687B68DA627E
:106440003B681A687B689A627B68074A934203D16B
:106450003B681A697B681A637B6801225A6100BF36
:106460001437BD4680BC7047002C0140000400403A
:106470000008004080B487B000AF786039607B6866
:106480001B6A23F001027B681A627B681B6A7B61CE
:106490007B685B683B617B689B69FB60FB6823F002
:1064A0007003FB60FB6823F00303FB603B681B6821
:1064B000FA681343FB607B6923F002037B613B684E
:1064C0009B687A6913437B617B681C4A93420CD1B9
:1064D0007B6923F008037B613B68DB687A691343BF
:1064E0007B617B6923F004037B617B68134A9342E1
:1064F00011D13B6923F480733B613B6923F4007342
:106500003B613B685B693A6913433B613B689B694C
:106510003A6913433B617B683A695A607B68FA6861
:106520009A613B685A687B685A637B687A691A6229
:1065300000BF1C37BD4680BC704700BF002C014027
:1065400080B487B000AF786039607B681B6A23F045
:1065500010027B681A627B681B6A7B617B685B68E0
:106560003B617B689B69FB60FB6823F4E043FB6055
:10657000FB6823F44073FB603B681B681B02FA68EE
:106580001343FB607B6923F020037B613B689B68BE
:106590001B017A6913437B617B681D4A93420DD1CD
:1065A0007B6923F080037B613B68DB681B017A69B0
:1065B00013437B617B6923F040037B617B68144A52
:1065C000934213D13B6923F480633B613B6923F41D
:1065D00000633B613B685B699B003A6913433B6125
:1065E0003B689B699B003A6913433B617B683A694E
:1065F0005A607B68FA689A613B685A687B689A635C
:106600007B687A691A6200BF1C37BD4680BC704740
:10661000002C014080B487B000AF786039607B689F
:106620001B6A23F480727B681A627B681B6A7B6139
:106630007B685B683B617B68DB69FB60FB6823F020
:106640007003FB60FB6823F00303FB603B681B687F
:10665000FA681343FB607B6923F400737B613B683A
:106660009B681B027A6913437B617B681D4A9342D6
:106670000DD17B6923F400637B613B68DB681B02FF
:106680007A6913437B617B6923F480637B617B6858
:10669000144A934213D13B6923F480533B613B6915
:1066A00023F400533B613B685B691B013A69134368
:1066B0003B613B689B691B013A6913433B617B6803
:1066C0003A695A607B68FA68DA613B685A687B68A5
:1066D000DA637B687A691A6200BF1C37BD4680BCEA
:1066E000704700BF002C014080B487B000AF7860D5
:1066F00039607B681B6A23F480527B681A627B686E
:106700001B6A3B617B685B687B617B68DB69FB6064
:10671000FB6823F4E043FB60FB6823F44073FB60F9
:106720003B681B681B02FA681343FB603B6923F458
:1067300000533B613B689B681B033A6913433B6111
:106740007B680F4A934209D17B6923F480437B61C4
:106750003B685B699B017A6913437B617B687A695B
:106760005A607B68FA68DA613B685A687B681A6429
:106770007B683A691A6200BF1C37BD4680BC70470F
:10678000002C014080B487B000AFF860B9607A6037
:10679000FB681B6A7B61FB681B6A23F00102FB68D4
:1067A0001A62FB689B693B613B6923F0F0033B6124
:1067B0007B681B013A6913433B617B6923F00A0341
:1067C0007B617A69BB6813437B61FB683A699A61B4
:1067D000FB687A691A6200BF1C37BD4680BC7047EF
:1067E00080B487B000AFF860B9607A60FB681B6A5C
:1067F00023F01002FB681A62FB689B697B61FB68EF
:106800001B6A3B617B6923F470437B617B681B03DC
:106810007A6913437B613B6923F0A0033B61BB684A
:106820001B013A6913433B61FB687A699A61FB6813
:106830003A691A6200BF1C37BD4680BC704780B4FD
:1068400085B000AF786039607B689B68FB60FB684F
:1068500023F07003FB603A68FB68134343F00703BF
:10686000FB607B68FA689A6000BF1437BD4680BC45
:10687000704780B487B000AFF860B9607A603B6061
:10688000FB689B687B617B6923F47F437B613B688A
:106890001A027B681A43BB6813437A6913437B610E
:1068A000FB687A699A6000BF1C37BD4680BC7047A0
:1068B00080B487B000AFF860B9607A60BB6803F05D
:1068C0001F03012202FA03F37B61FB681A6A7B69EA
:1068D000DB431A40FB681A62FB681A6ABB6803F064
:1068E0001F03796801FA03F31A43FB681A6200BFB9
:1068F0001C37BD4680BC704780B485B000AF78605F
:1069000039607B6893F83C30012B01D1022346E0CB
:106910007B68012283F83C207B68022283F83D20BB
:106920007B681B685B68FB607B681B689B68BB605F
:10693000FB6823F07003FB603B681B68FA68134335
:10694000FB607B681B68FA685A607B681B68164AA4
:1069500093420ED07B681B68B3F1804F09D07B68EF
:106960001B68124A934204D07B681B68104A93420A
:106970000CD1BB6823F08003BB603B685B68BA68DE
:106980001343BB607B681B68BA689A607B6801220E
:1069900083F83D207B68002283F83C2000231846C2
:1069A0001437BD4680BC7047002C014000040040F5
:1069B0000008004080B582B000AF78607B68002B93
:1069C00001D101233FE07B6893F83930DBB2002B23
:1069D00006D17B68002283F838207868FBF7A0F89E
:1069E0007B68242283F839207B681B68DA687B681F
:1069F0001B6822F40052DA60786800F083FB7B6841
:106A00001B681A697B681B6822F490421A617B68D4
:106A10001B685A697B681B6822F02A025A617B68EE
:106A20001B68DA687B681B6842F40052DA607B6896
:106A30000022DA637B68202283F839207B682022D9
:106A400083F83A20002318460837BD4680BD80B53C
:106A50008AB002AFF860B9603B601346FB80002348
:106A60007B61FB6893F83930DBB2202B7CD1BB68AB
:106A7000002B02D0FB88002B01D1012375E0FB68BD
:106A800093F83830012B01D102236EE0FB6801221C
:106A900083F83820FB680022DA63FB68212283F840
:106AA0003920FCF71BFB7861FB68FA889A84FB6845
:106AB000FA88DA84FB689B68B3F5805F08D1FB68CD
:106AC0001B69002B04D10023FB61BB68BB6103E0A1
:106AD000BB68FB610023BB61FB68002283F83820A0
:106AE0002AE03B6800937B6900228021F86800F06F
:106AF000A7F90346002B01D0032336E0FB69002BE6
:106B00000BD1BB691B881A46FB681B68C2F30802DD
:106B10005A60BB690233BB6107E0FB691A78FB6806
:106B20001B685A60FB690133FB61FB68DB8C9BB21D
:106B3000013B9AB2FB68DA84FB68DB8C9BB2002BCA
:106B4000CFD13B6800937B6900224021F86800F0B8
:106B500077F90346002B01D0032306E0FB682022CF
:106B600083F83920002300E0022318462037BD4671
:106B700080BD80B485B000AFF860B9601346FB807B
:106B8000FB6893F83A30DBB2202B40D1BB68002B76
:106B900002D0FB88002B01D1012339E0FB6893F878
:106BA0003830012B01D1022332E0FB68012283F847
:106BB0003820FB68BA689A62FB68FA889A85FB6895
:106BC000FA88DA85FB680022DA63FB68222283F800
:106BD0003A20FB68002283F83820FB681B68DA68DB
:106BE000FB681B6842F48072DA60FB681B685A69B4
:106BF000FB681B6842F001025A61FB681B68DA6897
:106C0000FB681B6842F02002DA60002300E00223E8
:106C100018461437BD4680BC7047000080B588B068
:106C200000AF78607B681B681B68FB617B681B6832
:106C3000DB68BB617B681B685B697B6100233B6130
:106C40000023FB60FB6903F00F033B613B69002BF2
:106C50000DD1FB6903F02003002B08D0BB6903F0C2
:106C60002003002B03D0786800F0CCF9D0E03B691A
:106C7000002B00F0B0807B6903F00103002B05D1ED
:106C8000BB6903F49073002B00F0A580FB6903F04F
:106C90000103002B0AD0BB6903F48073002B05D0DD
:106CA0007B68DB6B43F001027B68DA63FB6903F00E
:106CB0000403002B0AD07B6903F00103002B05D0ED
:106CC0007B68DB6B43F002027B68DA63FB6903F0ED
:106CD0000203002B0AD07B6903F00103002B05D0CF
:106CE0007B68DB6B43F004027B68DA63FB6903F0CB
:106CF0000803002B0FD0BB6903F02003002B04D145
:106D00007B6903F00103002B05D07B68DB6B43F04C
:106D100008027B68DA637B68DB6B002B77D0FB694A
:106D200003F02003002B07D0BB6903F02003002BE6
:106D300002D0786800F066F97B681B685B6903F035
:106D40004003002B14BF01230023DBB2FB607B68F0
:106D5000DB6B03F00803002B02D1FB68002B31D062
:106D6000786800F0B7F87B681B685B6903F0400344
:106D7000002B23D07B681B685A697B681B6822F054
:106D800040025A617B685B6B002B13D07B685B6BA6
:106D9000214A5A637B685B6B1846FCF717FF034672
:106DA000002B16D07B685B6B5B6B7A68526B10466E
:106DB00098470EE0786800F03AF80AE0786800F04A
:106DC00036F806E0786800F032F87B680022DA6373
:106DD0001DE000BF1BE0FB6903F08003002B08D01F
:106DE000BB6903F08003002B03D0786800F0A3F8A0
:106DF0000EE0FB6903F04003002B09D0BB6903F0F0
:106E00004003002B04D0786800F0E4F800E000BFF5
:106E10002037BD4680BD00BF0F6F000880B483B02F
:106E200000AF786000BF0C37BD4680BC704780B4AF
:106E300083B000AF786000BF0C37BD4680BC7047A0
:106E400080B584B000AFF860B9603B601346FB7159
:106E50002CE0BB69B3F1FF3F28D0BB69002B07D002
:106E6000FCF73CF902463B68D31ABA699A421DD234
:106E7000FB681B68DA68FB681B6822F4D072DA6072
:106E8000FB681B685A69FB681B6822F001025A61A3
:106E9000FB68202283F83920FB68202283F83A20FF
:106EA000FB68002283F8382003230FE0FB681B688F
:106EB0001A68BB681340BA689A420CBF01230023CA
:106EC000DBB21A46FB799A42C3D00023184610372A
:106ED000BD4680BD80B483B000AF78607B681B681E
:106EE000DA687B681B6822F49072DA607B681B6842
:106EF0005A697B681B6822F001025A617B68202274
:106F000083F83A2000BF0C37BD4680BC704780B57F
:106F100084B000AF78607B685B6AFB60FB6800222E
:106F2000DA85FB680022DA84F868FFF780FF00BF8B
:106F30001037BD4680BD80B485B000AF78607B68F7
:106F400093F83930DBB2212B3ED17B689B68B3F5D7
:106F5000805F14D17B681B69002B10D17B681B6A92
:106F6000FB60FB681B881A467B681B68C2F308023B
:106F70005A607B681B6A9A1C7B681A6208E07B680F
:106F80001B6A591C7A6811621A787B681B685A6000
:106F90007B68DB8C9BB2013B9BB27A681946D1843B
:106FA000002B0FD17B681B68DA687B681B6822F0B6
:106FB0008002DA607B681B68DA687B681B6842F0D5
:106FC0004002DA60002300E0022318461437BD4671
:106FD00080BC704780B582B000AF78607B681B686A
:106FE000DA687B681B6822F04002DA607B68202246
:106FF00083F839207868FFF711FF00231846083717
:10700000BD4680BD80B584B000AF78607B6893F8E2
:107010003A30DBB2222B70D17B689B68B3F5805F7E
:1070200017D17B681B69002B13D10023FB607B68A1
:107030009B6ABB607B681B685B689BB2C3F30803F9
:107040009AB2BB681A807B689B6A9A1C7B689A62BA
:1070500026E07B689B6AFB600023BB607B689B68C3
:10706000B3F5805F07D07B689B68002B0AD17B68F3
:107070001B69002B06D17B681B685B68DAB2FB6872
:107080001A7008E07B681B685B68DBB203F07F0363
:10709000DAB2FB681A707B689B6A5A1C7B689A623A
:1070A0007B68DB8D9BB2013B9BB27A681946D18528
:1070B000002B20D17B681B68DA687B681B6822F094
:1070C0002002DA607B681B68DA687B681B6822F440
:1070D0008072DA607B681B685A697B681B6822F0E3
:1070E00001025A617B68202283F83A207868FAF717
:1070F000BBF9002302E0002300E00223184610370A
:10710000BD4680BD80B584B000AF78607B681B68E9
:107110001B6923F440517B68DA687B681B680A436B
:107120001A617B689A687B681B691A437B685B6994
:107130001343BB607B681B68DB6823F4B05323F008
:107140000C037A681268B9680B43D3607B681B68CC
:107150005B6923F440717B689A697B681B680A430A
:107160005A617B681B682C4A934203D1FEF732FBBD
:10717000F86002E0FEF71AFBF860FA6813469B001D
:1071800013449A001A447B685B689B00B2FBF3F3DC
:10719000224AA2FB03235B091901FA6813469B00EC
:1071A00013449A001A447B685B689B00B2FBF3F2BD
:1071B0001A4BA3FB02035B09642000FB03F3D31A01
:1071C0001B013233154AA2FB03235B0903F0F003D2
:1071D0001944FA6813469B0013449A001A447B68CA
:1071E0005B689B00B2FBF3F20C4BA3FB02035B0951
:1071F000642000FB03F3D31A1B013233074AA2FBBE
:1072000003235B0903F00F027B681B680A449A6042
:1072100000BF1037BD4680BD003801401F85EB51CF
:107220000D488546FBF7BAFD0C480D490D4A002371
:1072300002E0D458C4500433C4188C42F9D30A4A2B
:107240000A4C002301E013600432A242FBD300F099
:10725000A7FFF9F7A1FFFEE7005000200000002083
:10726000D801002074AB0008D8010020840700205A
:10727000FEE7002100F0F8BD2DE9F0410F469046F1
:1072800001F084FF04460D46B8F1000F11D0C7F39A
:107290000A53C3F16B03002B0BDD00241B0503F124
:1072A0007F5505F5401522462B46F9F76FFC04463D
:1072B0000D4620462946BDE8F08100000000000090
:1072C0002DE9F04F9DB0159200220E464FF00008B8
:1072D0004FF000090490189217910A780D462B2A56
:1072E00001F101011DD00BD80D2A06D8082AF3D8C8
:1072F0007AB100239A460B9381E0202AECD0F8E77C
:107300002D2A10D10122691C17910B926A78002A4C
:1073100035D1159B1796002B40F08B85404649468A
:107320002AE00022EFE700210B91302A40F09980FB
:107330006A7802F0DF02582A58D102930B9B814AE7
:10734000019318AB0093049819AB17A901F014F836
:1073500010F00F06044605D0062E12D10023013589
:1073600017950B93159B002B40F065850B9B002B0D
:10737000D4D0404609F100411DB0BDE8F08F0D4664
:10738000D3E7189A3AB135211AA801F0EFFF1899FE
:10739000049801F0C3FB013E042E06D8DFE806F096
:1073A00014031E211400DDE91A89E00548BF49F0E5
:1073B000004929F000431B0D1B05002BD2D100F022
:1073C000E9FE22230360CDE7199ADDE91A8302F270
:1073D000334223F4801343EA0259E6E7DFF8689169
:1073E000E3E76FF000494FF0FF38DEE7013517950E
:1073F0002B78302BFAD0002BB4D04FF0010A0027A5
:107400002B46BB460A210E97184613F8014BA4F1F0
:107410003002092A28D901224C4900F063FE0028D5
:1074200033D0002022465C46CDE90600652A01D013
:10743000452A14D124B95AEA00033FF46AAF002464
:10744000179E731C179372782B2A72D02D2A76D030
:107450004FF0000CA2F13003092B7DD917960023C1
:107460009FE04FF0000ACAE7BBF1080FD7BF0E9AA2
:1074700001FB074201FB0242303AD4BF0E92A2F157
:1074800030070BF1010B1793BEE7179B5A1C17929D
:107490005A78BBF1000F33D05C460690A2F130035E
:1074A000092B12D901230793C0E7179B01305A1CFF
:1074B00017925A78302AF8D0A2F13103082B00F243
:1074C000BF84069000200446179D303A00F1010366
:1074D00010D00699204419440A230691A04211D1E4
:1074E000082800F1010419DC0A230E9903FB01238B
:1074F0000E930023179A1846511C17915278CDE726
:107500005846D7E7082C04F1010403DC0E995943CF
:107510000E91E3E7102CD8BF5F43DFE70F28DCBFF5
:107520000A2303FB0727E4E700210123CDE9061323
:1075300081E74FF0000CB31C1793B2788AE74FF045
:10754000010CF8E7E4A800080000F07F68A7000835
:10755000179B5A1C17925A78302AF9D0A2F131039E
:10756000082B3FF67CAF179BA2F1300E194605930E
:107570000B46013317931A781946A2F13003092BF1
:107580003CD9059BCB1A082B44F61F633CDC9E4577
:10759000A8BF9E46CDF814E0BCF1000F02D0059BB9
:1075A0005B420593002C50D15AEA00007FF4DAAE1A
:1075B000079B002B7FF4ADAE692A29D026DC492A2F
:1075C00026D04E2A7FF4A5AE9F4917A801F0F6F801
:1075D00000283FF49EAE179B1B78282B2FD19B4988
:1075E0001AAA17A801F0FEF8052828D11B9BDDF880
:1075F000688043F0FF4949F4E009B3E60A2303FB3E
:107600000E22A2F1300EB3E70593C5E76E2AD9E743
:107610008F4917A801F0D2F800283FF47AAE179BE3
:107620008C49013B17A8179301F0C8F810B9179BB4
:10763000013317934FF00008DFF81C9292E6874859
:1076400000F0E4FD804689468CE6DDE90532BBF1B9
:10765000000F08BFA3469B1A102C0E98A2460A934F
:10766000A8BF4FF0100AF8F7C5FE092C80468946DE
:1076700011DC0A9B002B3FF475AE0A9B71DD162BC3
:1076800058DC7749424601EBC3014B46D1E9000182
:10769000F9F77CFAD6E7724B03EBCA0353E91223DE
:1076A000F9F774FA804638468946F8F7A3FE024691
:1076B0000B4640464946F8F761FD0F2C8046894647
:1076C000D7DD0A9BA4EB0A0A9A44BAF1000F40F3F3
:1076D00097802AF00F061AF00F0A51D1B6F59A7F5B
:1076E0005EDC0023404649461F46DFF878A136118C
:1076F000012E79D10BB1804689465A49A9F15479B6
:1077000001EBC7014246D1E900014B46F9F73EFAC9
:10771000514B0A460B40544980468B4240D8A1F554
:1077200080118B4286BF4FF0FF38DFF8409102F1A5
:10773000547932E00A9AC4F125039342C1DB484DE3
:10774000C4F10F0405EBC4014246D1E900014B46E8
:10775000F9F71CFA0A9B1C1B05EBC405D5E90023AD
:1077600096E71633ADDBDDE905239A1A3C4B40461C
:1077700003EBC2034946D3E90023F9F731FB61E784
:107780003749424601EBCA014B46D1E90001F9F7FE
:10779000FDF980468946002EA0D1002307939FE083
:1077A000002405940E94069422234FF00008049AB6
:1077B000DFF8A49013600E9B002B3FF4D3AD189913
:1077C000049801F0ABF90699049801F0A7F9DDE9F6
:1077D000040101F0A3F90E99049801F09FF92146E4
:1077E000049801F09BF9BDE5F20704D5DAE900231E
:1077F000F9F7CCF90123013776100AF1080A77E787
:10780000CBD0CAF1000A4FEA2A161AF00F0A0DD19E
:107810001F2E2DDD002405940E9406942223049A35
:107820004FF000084FF000091360C4E70C4B4046CE
:1078300003EBCA034946D3E90023F9F7D1FA80469E
:107840008946002EA9D0E3E773A70008D0A8000856
:107850006AA700086DA700080000F07FCDA8000807
:1078600058A9000830A900080000A07CFFFFEF7FA6
:1078700016F0100318BF6A234046079349460023B9
:10788000764FF20704D5D7E90023F9F77FF90123F2
:10789000761007F10807F4D10BB180468946079BA3
:1078A000B3B1C9F30A52C2F16B03002B49460FDD95
:1078B0001F2B59DD342BD8BF4FF0FF334FF000089A
:1078C000CFBF4FF05C79C2F14B02934003EA01094C
:1078D0000022002340464946F9F7C0FB002899D111
:1078E0000E9B5A46009329462346049801F07EF9E0
:1078F0000E9000283FF454AFDDE905239B1A0A9A45
:107900000024002AA8BF0023129322EAE2731493F2
:1079100005940E9B0498596801F0C2F8069000285F
:107920003FF442AF0E9B0C301A6903F10C01023296
:10793000920000F05CFC1AAB019319AB0093424635
:107940004B460498CDE90C8901F088FC189000287A
:107950003FF42AAF0121049801F0DEF903460590B7
:1079600048B9002305931FE74FF0FF3202FA03F3F3
:1079700003EA0808ACE7199D1A9A002DABBF129BC9
:10798000149BEF185E1B079BA8BF149EA5EB030575
:107990001544334B05F1FF35B8BF129F9D42C2F12C
:1079A00036024FDA5B1B1F2B4FF00101A2EB0302E3
:1079B0003CDC4FF0000B01FA03FABD18079BAF4205
:1079C00016441E443B46A8BF2B46B342A8BF3346CD
:1079D000002BC2BFED1AF61AFF1A129B002B16DD00
:1079E000DDE904011A4601F055FA05900028B8D0E7
:1079F0000146189A049801F0A5F90F9000283FF469
:107A0000D3AE1899049801F089F80F9B1893002DB4
:107A10001BDC0A9B002B25DD149A0699049801F0C3
:107A200039FA0690F0B900230693BDE6C5F17F450B
:107A300005F57F0505F57B45E23501FA05FB4FF0BD
:107A4000010ABAE74FF0000BF9E72A4618990498A3
:107A500001F07CFA18900028DBD1A5E6F8A8000810
:107A600002FCFFFF002E07DD32460699049801F064
:107A70006DFA06900028D6D0002F08DDDDE904015C
:107A80003A4601F063FA059000283FF48DAE069A5D
:107A90001899049801F0E2FA044600283FF484AEF5
:107AA000C36805990F930023C36001F0BBFA002857
:107AB0003CDA0F9B53EA08035ED1C9F313034D462A
:107AC000002B59D129F000431B0D1B05B3F1D66FD4
:107AD00052D9636913B92369012B4DDD2146012277
:107AE000049801F033FA0599044601F09BFA002846
:107AF00042DDA74B079A2B40002A5FD0B3F1D66F27
:107B00005CD8B3F15C7F7FF689AE40464946A14B15
:107B10000022F9F73BF89E4B80460B408946002B2C
:107B20007FF44DAE2223049A136048E64D4662D19D
:107B30000F9AC9F3130342B3974A934228D1079B84
:107B40004146EBB1924B4FF0FF322B40B3F1D46F73
:107B500019D81B0DC3F16B0302FA03F3994217D135
:107B60008E4B9D4202D101313FF41EAE4FF0000812
:107B7000874B2B4003F58019079B002BC5D11EE6D0
:107B80004FF0FF33EAE71346E8E753EA0803B0D0C3
:107B9000BBF1000F1BD01BEA050FEDD00F9B404639
:107BA0004946079AB3B1FFF767FB02460B46DDE98A
:107BB0000C01F8F7E3FA80468946DDE7A3F5801368
:107BC0006FEA13594FF0FF386FEA0959D4E71AEA00
:107BD000080FE2E7FFF750FB02460B46DDE90C0118
:107BE000F8F7CAFA0022002380468946F9F736FAE8
:107BF0000028C1D012E62046059901F087FB00223B
:107C00004FF0804306460F46F9F73CFA00286ED045
:107C10000F9B002B79D1B8F1000F54D1C9F3130396
:107C2000002B56D10022304639465D4BF9F720FA39
:107C3000002857D10022304639465A4BF8F7A6FFA4
:107C400082468B460BF10043CDF820A00993504BA0
:107C50004F4A2B401393544B2A409A42DDE9086760
:107C600040F0A880A5F154794046494601F08EFACB
:107C7000DDE90823F8F78AFF42464B46F8F77EFA1B
:107C8000434D4A4A0D409542804645D90D9A434B93
:107C90009A4203D10C9B01333FF486AD4FF0FF387D
:107CA000DFF8F8901899049800F038FF06990498C6
:107CB00000F034FFDDE9040100F030FF21460498B4
:107CC00000F02CFF25E6B8F1010F02D1002D3FF4A2
:107CD000A5AD0022364B4FF0000ACDE90823DFF8AE
:107CE000C0B0B4E74FF0000ADFF8B8B0AAE72D4BF8
:107CF000002230463946F8F749FF0F9B82468B46F3
:107D0000002B9FD0CDE908ABA1E70022244B92467F
:107D10009B46CDE908239AE701F15479079B002B94
:107D2000C0D129F00043139A1B0D1B059A42B9D10B
:107D300050465946F9F7FAF9F8F7A8FB02460B4600
:107D400050465946F8F718FA0F9AC9F3130343EA55
:107D50000803134306460F4665D009A3D3E9002361
:107D6000F9F786F900287FF42AAD07A3D3E90023A9
:107D700030463946F9F79AF9002893D01FE500BF3D
:107D80009535A094FFFFDF3F35E5AF350000E03FBC
:107D90000000F07F00005039FFFF0F00FFFFEF7F72
:107DA0000000F03F0000E03F0000E07FFFFF9F7C0D
:107DB0000000F0BF079B13B3139BB3F1D46F1ED821
:107DC00025A3D3E9002350465946F9F75BF990B152
:107DD00059465046F9F774F9012838BF0120F8F7E1
:107DE00009FB0F9B82468B46D3B901F100431090EB
:107DF0001193DDE91067139A07F1D6639F1ADDE945
:107E00000C0101F0C3F902460B4630463946F8F73B
:107E1000BDFEDDE90C23F8F7B1F9804689467DE720
:107E2000CDE910ABE5E70EA3D3E90023F9F720F97C
:107E3000A2E700230B93179B159A1360FFF796BADE
:107E4000652A3FF471AB452A3FF46EAB01230793DB
:107E5000FFF7AABBAFF300800000C0FFFFFFDF41C8
:107E60009535A094FFFFCF3F0A4601460248034BD9
:107E70000068FFF725BA00BF880100201C00002021
:107E8000002310B50446C0E90033C0E90433836021
:107E900081814366C2818361194608225C3000F00B
:107EA00019F90D4B246263620C4BA3620C4BE36225
:107EB0000C4B23630C4B9C4206D003F168029442A6
:107EC00002D0D0339C4205D104F15800BDE81040E7
:107ED00000F08AB910BD00BF4D8000086F80000817
:107EE000A7800008CD80000838060020024A034918
:107EF000034800F06BB800BF10000020ED9A0008A6
:107F00008C01002041680C4B10B59942044601D009
:107F100001F0ECFDA168094B994202D0204601F026
:107F2000E5FDE168064B994204D02046BDE81040CB
:107F300001F0DCBD10BD00BF38060020A006002007
:107F4000080700200C4B0D4A10B504211A600C489C
:107F50000022FFF795FF0A4B01221C46092103F17D
:107F60006800FFF78DFF04F1D0000222BDE8104049
:107F70001221FFF785BF00BF70070020ED7E0008CB
:107F800038060020014800F030B900BF7907002012
:107F9000014800F02BB900BF7907002010B5044656
:107FA000FFF7F0FF236A1BB1BDE81040FFF7F0BFF9
:107FB000044B2362044B1B68002BF5D1FFF7C2FF73
:107FC000F2E700BF057F0008700700202DE9F843A5
:107FD0000746884614460026D4E90195B9F10109FF
:107FE00005D52468002CF7D13046BDE8F883AB896D
:107FF000012B07D9B5F90E30013303D02946384695
:10800000C04706436835E9E70EB46FF0004110B58C
:1080100000249DB01FAB029006900791049109487F
:10802000094953F8042B0591006802A901931B9498
:1080300001F04EFA029B1C701DB0BDE8104003B069
:10804000704700BF880100200802FFFF10B50C46F2
:10805000B1F90E1000F07AF80028ABBF636DA38968
:108060001B1823F48053ACBF6365A38110BD2DE9B9
:10807000F0411F468B890546DB050C46164605D5A3
:1080800002230022B1F90E1000F04EF8A389324607
:1080900023F48053A38128463B46B4F90E10BDE873
:1080A000F04100F065B810B50C46B1F90E1000F0C3
:1080B0003BF8B4F90C30421C0BBF23F4805343F45B
:1080C0008053A381A38118BF606510BDB1F90E1064
:1080D00000F01AB803460244934200D1704703F8F7
:1080E000011BF9E710B56AB10139841810F8012BAA
:1080F00011F8013F9A4203D1A04201D0002AF5D1E4
:10810000D01A10BD1046FCE738B50023054D0446D3
:1081100008462B60FAF703FF431C02D12B6803B11A
:10812000236038BD7407002038B504460846114660
:108130000022054D2A601A46FAF715FF431C02D1AA
:108140002B6803B1236038BD7407002038B504469E
:10815000084611460022054D2A601A46FAF7A6FE87
:10816000431C02D12B6803B1236038BD7407002083
:1081700038B50446084611460022054D2A601A46C5
:10818000FAF7B1FE431C02D12B6803B1236038BD5E
:1081900074070020014B1868704700BF8801002059
:1081A00070B500260C4D0D4B5B1B9C10A64209D1EF
:1081B000002602F049FA0A4D0A4B5B1B9C10A642AE
:1081C00005D170BD55F8043B98470136EEE755F8E8
:1081D000043B98470136F2E76CAB00086CAB000833
:1081E0006CAB000870AB00087047704770470A44DA
:1081F000914200F1FF3300D1704710B511F8014BE7
:10820000914203F8014FF9D110BD0000002001494F
:10821000704700BF0000F87F38B50546002940D000
:1082200051F8043C0C1F002BB8BFE41800F02CFCE4
:108230001C4A136833B9636014602846BDE83840AF
:1082400000F028BCA34208D9206821188B4201BF46
:1082500019685B6809182160EDE71A465B680BB185
:10826000A342FAD911685018A0420BD120680144EA
:10827000501883421160E0D118685B6808441060B0
:108280005360DAE702D90C232B60D6E72068211867
:108290008B4201BF19685B680918216063605460F4
:1082A000CBE738BD8007002003692DE9F043B3EB2D
:1082B000611F00F114044FEA611246DD11F01F0145
:1082C00004EB830604EB82050CD1294600F110076C
:1082D000B14235D39B1A9B00EA1E964238BF002359
:1082E000234415E0A14654F82270C1F12008CF4084
:1082F00005F1040E7645F44616D89A1A9200043A0F
:108300000135AE4238BF0022A318A75007B104338D
:10831000A342A3EB040208BF00234FEAA2020261BA
:1083200008BF4361BDE8F083DCF800C00CFA08FC2C
:108330004CEA070749F8047B5EF8047BCF40D9E795
:1083400051F804CB47F804CFC2E72346E0E7A0F199
:108350003003092B02D82038C0B27047A0F1610366
:10836000052B01D84738F7E7A0F14103052B01D8C9
:108370002738F1E7002070472DE9F04F8A469046F4
:1083800085B002930B6801909C1CA14614F8010B68
:108390003028FAD0A9EB0303A3F1020BFFF7D7FFB4
:1083A0000546002868D1012248469F49FFF79AFEFA
:1083B0000746002867D199F801002646FFF7C7FF56
:1083C000002862D0234618789946302803F101032B
:1083D000F9D0FFF7BCFFB0FA80F54FF0010B6D0943
:1083E0004A46164630780132FFF7B1FF0028F8D12F
:1083F000012230468C49FFF775FE00283FD144B971
:10840000741C2246164630780132FFF7A0FF002880
:10841000F8D1A41BA700337803F0DF03502B3ED123
:1084200073782B2B33D02D2B34D00024711C08787B
:10843000FFF78DFF431EDBB2182B30D8A0F11002DE
:1084400011F8010FFFF783FF00F1FF3C5FFA8CFC8E
:10845000BCF1180F4FF00A031ED904B15242174461
:10846000CAF80010EDB1BBF1000F0CBF06250025C6
:10847000284605B0BDE8F08F00252C46B0E7002C5B
:10848000C7D12746C7E74E462F460125C3E700243C
:10849000B11CCCE70124FBE703FB0200CEE7314629
:1084A000DEE72946A6EB0903013B072B0ADC01980E
:1084B00000F0F6FA044640B90246E4215B4B5C4802
:1084C00001F074FB01315B10EFE7002300F1140AA7
:1084D00055469B46B14537D345F804BBA5EB0A0585
:1084E000AD102561584600F0CBFB6D01D8F8006057
:1084F0002D1AB54254DDAD1B2946204600F059FF28
:10850000814678B14FF001096B1E59115AF82110BC
:1085100003F01F0209FA02F20A4203D04B4536DC8F
:108520004FF0020929462046FFF7BEFE2F44D8F837
:108530000830BB4242DA2146019800F0EFFA0023EE
:108540000E9AA325136093E716F8012D2E2A12D058
:10855000202B04D145F804BB4FF0000B5B4630786C
:108560000393FFF7F4FE039B00F00F0098404BEAE3
:10857000000B0433AEE7B145EAD8012230462A4960
:108580000393FFF7AFFD039B0028E1D1A2E720464C
:10859000A91E00F00EFF0028C2D04FF00309C1E76A
:1085A00009DA751B21462A46019800F0CFFC0446E3
:1085B0007F1B00F1140A4FF00009B8E7D8F8045007
:1085C000BD426FDDED1BAE4234DCD8F80C30022B1F
:1085D00022D0032B24D0012B15D1AE4213D1012E72
:1085E0000BD1D8F80430029A62251360012323616D
:1085F000CAF800300E9B1C603AE72046711E00F05E
:10860000D8FE0028EDD12146019800F087FA00231A
:108610000E9A502513602BE70F9B002BF3D1E0E758
:108620000F9B002BDDD1EEE768A700087EA70008AE
:108630008FA700086F1EB9F1000F30D127B139465E
:10864000204600F0B6FE814601232946761B02250E
:108650007A115AF8222007F01F07BB401342204628
:1086600018BF49F00209FFF71FFED8F80470B9F1EE
:10867000000F47D0D8F80C30022B15D0032B17D0A1
:10868000012B09D119F0020F06D0DAF8003049EABF
:10869000030919F0010F0ED145F0100532E04FF03B
:1086A0000109D1E70125E2E70F9BC3F101030F9315
:1086B0000F9B002BF0D04FF0000CD4F810B004F159
:1086C00014034FEA8B0A03EB8B01184653F8042B73
:1086D000B2F1FF3F1BD001320260022D04F11403FE
:1086E0003CD1D8F80020013AB24209D101227111DF
:1086F00053F8213006F01F0602FA06F61E423AD160
:1087000045F020050E9B1C60029B1F60B0E699425D
:1087100043F804CCD9D8A3689B4517DB616801985E
:10872000013100F0BDF9814618B902468421194B88
:10873000C5E6226904F10C01023292000C30FFF709
:1087400056FD2146019800F0E9F94C4623695A1C70
:108750002261012204EB83035A61BEE722695A4574
:108760000BDD01212046FFF79FFDD8F808300137C7
:10877000BB42FFF6E0AE0125C2E716F01F06FAD0B5
:10878000534453F8040C00F07BFAC6F12006B042C3
:10879000E7DBF0E77EA70008C2F10802920070B59F
:1087A000C2F120064368046803FA06F52C43D3405F
:1087B000046040F8043F8842F4D370BD30B50368CC
:1087C000013311F8014B14B90360012030BD13F8D7
:1087D000012BA2F14105192D98BF2032A242F0D001
:1087E0000020F3E72DE9F04F00250B6882465E116B
:1087F00002EB860613F01F0318BF0436371F90469E
:10880000B9463C46AB4687B00168019346F8045C24
:1088100002954A784B1C039342B31046059104928B
:10882000FFF795FD002853D1049A0599202A18D8FE
:10883000029B9B4513DD4C4506D2072D04DC2A46DE
:1088400049462046FFF7A8FF444554D90023A4F128
:10885000040944F8043C1D464C46CDF808B0039981
:10886000D7E7292A59D10231CAF80010BBF1000F0D
:1088700053D04C4506D2072D04DC2A4649462046F3
:10888000FFF78AFF444538D92346A8F1040253F87C
:10889000041B9F4242F8041FF9D23B1B23F0030341
:1088A0000134033EB44288BF0023002108F10402D2
:1088B00013441A4604339F421160FAD23B681BB935
:1088C000474528D101233B60052007B0BDE8F08F64
:1088D0000135082D0BF1010B06DD4445BFD90023FE
:1088E000012544F8043C043C226800F00F0040EAF3
:1088F00002102060B3E70825B1E7019B002BDDD013
:108900004FF0FF32C3F12003DA4056F8043C134025
:1089100046F8043CD2E7043FD0E70420D5E7000046
:1089200070B50F4E0C463168054611B901F020F9BB
:1089300030602146284601F01BF9431C03D14FF05B
:10894000FF34204670BDC41C24F00304A042F8D0BC
:10895000211A284601F00CF90130F2D1EFE700BFEF
:108960007C0700202DE9F843CD1C25F003050835D0
:108970000C2D38BF0C25002D064601DBA94204D979
:108980000C2333600020BDE8F883DFF8D48000F0CA
:108990007BF8D8F800301C4644BB29463046FFF728
:1089A000BFFF431C044658D1D8F800402746002F8B
:1089B00043D1002C4BD023683946304604EB0309E1
:1089C00001F0D6F8814542D1216830466D1A29461A
:1089D000FFF7A6FF01303AD023682B442360D8F874
:1089E00000305A6862BBC8F800700FE02268521B62
:1089F00020D40B2A17D96119A342256018BF5960EA
:108A0000636808BFC8F8001062514B60304600F040
:108A100041F804F10B00231D20F00700C21A1CBF0F
:108A20001B1AA350AFE76268A3420CBFC8F800202E
:108A30005A60EBE723466468AEE73C467F68B6E7DA
:108A40001A465B68A342FBD100235360DEE70C2388
:108A50003046336000F01EF894E70560D6E700BFAB
:108A60008007002082B001B901A942B14BB113784F
:108A70000B601278101E18BF012002B0704710461C
:108A8000FBE76FF00100F8E70148FFF7AEBB00BF5E
:108A9000780700200148FFF7A9BB00BF7807002036
:108AA00070B5C46905460E4684B9102001F0B0F8CF
:108AB0000446E86128B902466B21164B164801F0BE
:108AC00075F80023C0E901330360C360E36853B95C
:108AD00021220421284601F087F8EB69E060DB6879
:108AE0000BB9002070BD53F8260030B1026843F87E
:108AF00026200023C0E90333F4E7012101FA06F43C
:108B0000621D2846920001F06FF80028E9D0C0E904
:108B10000164EEE7EFA7000806A8000870B5C66973
:108B200005460C4676B9102001F072F80246E8615D
:108B300020B98F21084B094801F038F8C0E90166D7
:108B40000660C6603CB1EB696268DB6853F82210CE
:108B5000216043F8224070BDEFA7000806A8000876
:108B60002DE9F04107460C461E4600200D6901F133
:108B7000140CDCF80030013099B202FB01611E0CCC
:108B80000B0C02FB063389B201EB034185424FEA2D
:108B900013464CF8041BECDC0EB3A368AB4219DCA3
:108BA000616838460131FFF77BFF804628B90246ED
:108BB000BA210C4B0C4800F0F9FF226904F10C01BA
:108BC000023292000C30FFF712FB21463846FFF7C5
:108BD000A5FF444604EB850301355E61256120460F
:108BE000BDE8F0817EA7000806A800082DE9F8433B
:108BF000154609221F4608330C4693FBF2F306463E
:108C0000012200219A4209DB3046FFF749FF40B9B3
:108C10000246D321184B194800F0C8FF5200013119
:108C2000F0E7089B092D43614FF00103036116DD56
:108C300004F10908C1462C4419F8013B01460A22F7
:108C40003046303BFFF78CFFA145F5D1A844A8F191
:108C500008042D1B63199F4204DCBDE8F883092535
:108C60000A34F6E714F8013B01460A223046303B4D
:108C7000FFF776FFEEE700BF7EA7000806A8000812
:108C80000346B0F5803F3ABF030410200020B3F143
:108C9000807F3CBF1B020830B3F1805F3CBF1B01EB
:108CA0000430B3F1804F3CBF9B000230002B05DB4A
:108CB00013F0804F00F1010008BF202070470368C7
:108CC000024613F007000BD0D90721D4980749BFFB
:108CD0005B089B08012013605CBF02201360704793
:108CE00099B209B910201B0CD9B209B908301B0A76
:108CF000190704BF1B090430990704BF9B08023001
:108D0000D90703D45B0800F1010003D0136070475A
:108D1000002070472020704710B50C460121FFF756
:108D2000BFFE024628B940F24511044B044800F04A
:108D30003DFF01234461036110BD00BF7EA7000811
:108D400006A800082DE9F04FD1F81090D2F810A035
:108D50008846D145144685B004DB53460C46CA46C6
:108D600090469946A36861680AEB0906B342B8BF0A
:108D70000131FFF795FE30B902464FF4B171434B14
:108D8000434800F013FF00F114052B46002205EBC9
:108D90008607BB421FD304F1140C08F114010CEB3D
:108DA0008A0301EB890202921A1B153A22F0030290
:108DB00015349C4288BF00220192029A03918A4294
:108DC0000CD8002E03DD57F8043D002B5CD0066163
:108DD00005B0BDE8F08F43F8042BDAE7B1F800A046
:108DE000BAF1000F23D0E046A9464FF0000E58F824
:108DF000042BD9F800401FFA82FBA4B20AFB0B44F3
:108E00007444D9F800E0120C4FEA1E4E0AFB02E24D
:108E100002EB1442A4B244EA024443454FEA124E24
:108E200049F8044BE3D8019AAA18C2F804E0039A5F
:108E30000431B2F80280B8F1000F23D02A68E64668
:108E40009146AA464FF0000BBEF8004092B208FBD4
:108E500004B404EB194442EA04424AF8042B5EF8D5
:108E6000042BDAF800904FEA124B1FFA89F208FB44
:108E70000B22734502EB14424FEA124BE4D8019CDB
:108E80002C196260043598E7013E9AE77EA7000836
:108E900006A800082DE9F843174612F003028046A1
:108EA0000D4607D0264C013A002354F82220FFF744
:108EB00057FE0546BF103FD0D8F81C4094B910208B
:108EC00000F0A6FE0446C8F81C0030B9024640F285
:108ED000B3111C4B1C4800F069FE0023C0E90133AC
:108EE0000360C360A66846B940F271214046FFF7AF
:108EF00013FF00230646A06003602C464FF00009D4
:108F000007F001037F1053B1294632464046FFF770
:108F100019FF214605464046FFF700FE67B130685D
:108F200038B9324631464046FFF70CFF3060C0F892
:108F3000009006462C46E3E72846BDE8F88300BFCC
:108F400020A90008EFA7000806A800082DE9F84F9F
:108F50000C46074615462369496803EB6218A36867
:108F60004FEA621A08F101094B450BDB3846FFF75F
:108F700097FD064648B902464FF4EF71274B284843
:108F800000F014FE01315B00EEE70023194600F10A
:108F9000140C00F11002534534DB22692AEAEA7A04
:108FA0000CEB8A0C04F1140315F01F0E614603EB61
:108FB00082022BD00025CEF1200A8B46186804319E
:108FC00000FA0EF02843CBF8000053F8045B9A42F5
:108FD00025FA0AF5F1D8131B153B23F0030304F11E
:108FE00015018A4238BF00239C44CCF8045005B9CF
:108FF000C14638462146C6F81090FFF78FFD30462F
:10900000BDE8F88F42F8041F0133C4E753F8045B4E
:1090100004319A4241F8045CF8D8E9E77EA70008D9
:1090200006A8000803460A69006930B5801A0ED107
:109030001433143103EB820401EB820154F8045D14
:1090400051F8042D954203D005D24FF0FF3030BDCA
:10905000A342F3D3FBE70120F9E700002DE9F74F26
:109060008A460646114650461446FFF7DBFF051EAA
:1090700012D129463046FFF713FD024628B940F2C7
:109080003721404B404800F091FD0123C0E90435F1
:10909000104603B0BDE8F08FBCBF5346A246304631
:1090A000DAF80410BABF1C4601250025FFF7F8FCCA
:1090B000024618B940F24521324BE3E7C56000F1A2
:1090C0001405AB464FF0000CDAF8107026690AF16F
:1090D000140904F1140E0AF1100309EB87080EEBD2
:1090E00086060193019B5EF8040B53F804AF81B22E
:1090F00001931FFA8AF35B1A000C6344C0EB1A4019
:1091000000EB23409BB243EA004376454FEA204CF4
:109110004BF8043BE6D8331B153B153423F003030F
:10912000A64238BF0023E8184B441C1D26460430D5
:10913000A5EB0905464506EB050E0ED308F1030124
:10914000091B21F003010133984538BF0021014478
:1091500051F8043DA3B117619AE7E24656F8041BA3
:109160001FFA81FCD4444FEA1149514409EB2C49C0
:1091700089B241EA09414FEA294CCEF80010D9E7FB
:10918000013FE5E77EA7000806A800080E4B0B404C
:10919000A3F15073002B08DC5B42B3F1A07F4FEAD0
:1091A000235204DA4FF400231341002208E0A2F115
:1091B00014031E2BD6BF4FF000420122DA400023D9
:1091C00019461046704700BF0000F07F0269F8B5ED
:1091D00000F1140707EB820252F8044C1E4D2046A2
:1091E000FFF74EFD0346C0F120000A2BA2F1040652
:1091F000086012DCB7422CBF002252F8082CC3F1E1
:109200000B0C153324FA0CFE04FA03F322FA0CF2C9
:109210004EEA05011A431046F8BDB74236BFA2F127
:109220000806002252F8082C0B3B12D0C3F120058F
:1092300022FA05F19C400C43BE4244F07F5194BF9A
:10924000002456F8044C9A40EC4041F4401122436B
:10925000E1E744EA0501DEE70000F03F2DE9734352
:10926000012190469946089EFFF71AFC044630B942
:10927000024640F20F31234B234800F097FCC9F31C
:109280000A55C9F313030DB143F480130193B8F1E8
:10929000000324D068460093FFF711FD0099E0B168
:1092A000019AC0F1200302FA03F30B43C240636149
:1092B0000192019B002B0CBF01220222A3612261BB
:1092C000ADB1A5F2334505443560C0F13500099BC9
:1092D0001860204602B0BDE870836161E9E701A82B
:1092E000FFF7EDFC019B012263612030E7E7A0F26C
:1092F000324004EB820330601869FFF7C1FCC0EB19
:109300004210E4E77EA7000806A800082DE9F04F08
:1093100085B0CDE9001002A9FFF758FF8B4606463D
:109320000F46009803A9FFF751FF0D46019B8946A0
:109330001969009B04461B693046C91ADDE90232EF
:109340009B1A03EB4113002BCDBF3A462A46C3EBD1
:10935000033302EB035BD8BF02EB03594B462246B3
:109360005946F7F73DFD05B0BDE8F08F013970B5FE
:1093700049111469013102F1140300EB810103EB7F
:109380008404051FA3420CD3A31A113B23F003034B
:109390001132944238BF002318440023884205D379
:1093A00070BD53F8046B45F8046FEBE740F8043BDD
:1093B000F4E700F1140200694B11984210B511DB7B
:1093C0000ADD11F01F0107D052F8234024FA01F002
:1093D00000FA01F18C420BD102EB8303934203D8D4
:1093E000002010BD0346F7E753F8041D0029F5D00F
:1093F0000120F6E70346084641B1FF2A04D98A2234
:109400004FF0FF301A60704701200A7070472DE955
:10941000F0471F468E688246BE420C469046334651
:1094200053D8B1F90C0010F4906F2BD06569236804
:10943000096905EB4505A3EB010905EBD5757B1C17
:109440006D104B44AB422A4684BF1D462A46430555
:1094500027D511465046FFF785FA064658B34A46C7
:109460002169FEF7C4FEA38923F4906343F08003CF
:10947000A38126614E4426603B463E466561A5EBCE
:109480000905A5601F463A464146206800F056FB94
:109490000020A3689B1BA36023683B442360BDE8B6
:1094A000F087504600F0BCFB06460028E1D150464C
:1094B0002169FEF7B1FE0C23CAF80030A3894FF0F2
:1094C000FF3043F04003A381E9E73E46DBE70000BD
:1094D0002DE9F0471F468B8906461B060D461446AC
:1094E0009CB010D50B6973B94021FFF73BFA286097
:1094F000286130B90C2333604FF0FF301CB0BDE859
:10950000F08740236B610023099320238DF82930D5
:1095100030234FF001080397644F8DF82A3023461B
:10952000994613F8012B0AB1252AF9D1B9EB040A9F
:109530000BD05346224629463046FFF768FF0130DC
:1095400000F0A480099A5244099299F80030002B47
:1095500000F09C8000234FF0FF32CDE9052309F194
:109560000109049307938DF853301A934C46052252
:1095700014F8011B4D4800F00BFB049BD0B9D80632
:1095800044BF20228DF85320190744BF2B228DF8A9
:10959000532099F800202A2A13D04C4600204FF07F
:1095A0000A0C079A214611F8013B303B092B49D997
:1095B00068B913E0C01B08FA00F01843A1460490F4
:1095C000D4E7039A111D12680391002A01DB079268
:1095D00004E0524243F002030792049323782E2BB7
:1095E0000AD163782A2B32D1039B02341A1D1B68DF
:1095F000039243EAE3730593DFF8B49003224846ED
:10960000217800F0C5FA38B14022049BA0EB090094
:10961000824013430134049314F8011B06222548A9
:109620008DF8281000F0B4FA002835D0224818BB75
:10963000039B073323F0070308330393099B034479
:1096400009936CE70C4601200CFB0232AAE70023C9
:109650004FF00A0C194601340593204610F8012BEF
:10966000303A092A03D9002BC6D00591C4E7044635
:1096700001230CFB0121F0E703AB00932A4630469F
:109680000E4B04A9AFF30080421CD7D1AB895B0617
:109690003FF532AF099831E703AB00932A463046D5
:1096A000064B04A900F07EF8EEE700BF5FA80008B3
:1096B00065A8000869A80008000000000F940008D1
:1096C0002DE9F047164698468A680B69074693428B
:1096D000B8BF1346336091F843200C46DDF8209064
:1096E0000AB1013333602368990642BF33680233FD
:1096F0003360256815F0060506D104F1190AE36800
:1097000032689B1AAB422BDC94F843302268003B52
:1097100018BF0123920630D44146384604F1430273
:10972000C847013023D02368226903F00603042BC5
:1097300014BF002533684FF0000608BFE56804F148
:109740001A0408BFED1A54F8123C08BF25EAE57563
:109750009342C4BF9B1AED18B5421AD1002008E00D
:109760000123524641463846C847013003D14FF0E5
:10977000FF30BDE8F0870135C1E73020E11881F8FE
:1097800043005A1C94F845102244023382F84310D7
:10979000C2E70123224641463846C8470130E6D099
:1097A0000136D9E72DE9F0430D7E85B0782D90463E
:1097B00007460C4699460C9E01F1430207D8622DDC
:1097C0000AD8002D00F0D780582D00F0BC8004F19D
:1097D000420684F842503BE0A5F16303152BF6D80E
:1097E00001A151F823F000BF4198000855980008E6
:1097F000CF970008CF970008CF970008CF970008B1
:1098000055980008CF970008CF970008CF97000819
:10981000CF9700085D9900087F9800080F9900080D
:10982000CF970008CF9700087F990008CF970008CE
:109830007F980008CF970008CF9700081799000875
:1098400033681A1D1B68326004F1420684F8423006
:109850000123A1E033682068191D3160060601D597
:109860001D6803E04506FBD5B3F90050002D03DA6F
:109870002D236D4284F843300A235B4811E02168B0
:109880003368080653F8045B02D4490648BFADB2FA
:109890003360237E54486F2B5CD10823002184F869
:1098A00043106668002EA66005DB21682E4321F078
:1098B0000401216050D01646B5FBF3F103FB115CA7
:1098C00010F80CC006F801CDAC4663450D46F3D93F
:1098D000082B0BD12368DB0708D5236961689942FF
:1098E000DEBF302306F8013C06F1FF36921B2261F1
:1098F000434621463846CDF8009003AAFFF7E0FE24
:1099000001304ED14FF0FF3005B0BDE8F083236841
:1099100043F0200323607825344884F845502368B9
:10992000316813F0800F51F8045B03D113F0400F3E
:1099300018BFADB23160D90744BF43F020032360A4
:109940001DB11023AAE72848E7E7236823F0200386
:109950002360F6E70A23A1E71646B9E733682568CE
:10996000181D616930602E061B6801D5196002E080
:109970006806FBD51980002316462361B8E73368D3
:1099800000211A1D32601E686268304600F000F93E
:1099900008B1801B606063682361002384F8433052
:1099A000A6E73246414638462369C8470130A9D068
:1099B00023689B0713D4E068039B9842B8BF1846FE
:1099C000A2E70123324641463846C847013099D0C4
:1099D0000135E36803995B1AAB42F2DCEBE7002543
:1099E00004F11906F5E700BF70A8000881A8000877
:1099F000B1F90C20F8B5160705460C4651D44B6852
:109A0000002B02DC0B6C002B49DDE66A002E46D0F1
:109A1000002312F480522F682B6031D0626DA3892D
:109A2000590705D56368D21A636B0BB1236CD21A40
:109A300000232846E66A216AB047421CB4F90C307C
:109A400006D129681D2945D8274ACA40D60741D5DD
:109A5000002262602269D904226004D5421C01D12F
:109A60002B6803B96065616B2F60C1B104F14403D9
:109A7000994202D02846FEF7CFFB002363630EE035
:109A800001232846216AB0470246501CC7D12B68E3
:109A9000002BC4D01D2B01D0162B19D12F60002014
:109AA0001DE00F69002FFAD0930718BF00230E683E
:109AB00008BF4B69F61B0F608B60002EEFDD33464D
:109AC0003A462846216AD4F828C0E047002807DC37
:109AD000B4F90C304FF0FF3043F04003A381F8BDE0
:109AE0000744361AE9E700BF0100402038B50B698A
:109AF00005460C4613B90025284638BD18B1036A3F
:109B00000BB9FEF74BFAB4F90C30002BF3D0626EB0
:109B1000D00704D4990502D4A06DFEF766FB284651
:109B20002146FFF765FF636E0546DA07E4D4A38993
:109B30009B05E1D4A06DFEF759FBDDE7884210B527
:109B400001EB020402D98442234607D8431EA142F6
:109B500007D011F8012B03F8012FF8E702448242E5
:109B600000D110BD13F8011D02F8011DF7E7000038
:109B700038B50023054D044608462B60F9F700FA76
:109B8000431C02D12B6803B1236038BD7407002049
:109B9000034610B5C9B202449342184601D10020D1
:109BA00003E0047801338C42F6D110BD1FB5144692
:109BB0001A46094B05461B68D8684CB1074BCDE9DE
:109BC000013400912B46064900F058F800F068F87F
:109BD000044B1C46F3E700BF8801002092A8000850
:109BE0009FA80008CDA8000870B5A1FB025434B9A5
:109BF0002946FEF7B7FE064628B9304670BD0C224E
:109C000000260260F9E72A462146FEF763FAF4E7E8
:109C1000024B01461868FEF7A5BE00BF8801002070
:109C20002DE9F041074614460D4621B91146BDE81D
:109C3000F041FEF797BE2AB9FEF7EEFA2546284610
:109C4000BDE8F08100F033F88442064602D8B4EB58
:109C5000500FF4D821463846FEF784FE804608B9F6
:109C60004546ECE7B4422246294628BF3246FEF775
:109C7000BEFA29463846FEF7CFFAF1E70EB403B52F
:109C8000014603AB054853F8042B0068019300F02C
:109C90003DF802B05DF804EB03B070478801002086
:109CA000062008B500F000FA0120F9F7F4F851F8A1
:109CB000043C181F002BBCBF0B58C018704793689A
:109CC00010B4013B002B936007DA9469A34201DBD7
:109CD0000A2902D110BC00F02DB91368581C10607D
:109CE0001970084610BC7047F8B506460F46144672
:109CF000D518AC4201D1002007E03A46304614F8AE
:109D0000011BFFF7DCFF431CF3D1F8BD2DE9F04741
:109D10000D4614461F4606469CB018B1036A0BB99F
:109D2000FEF73CF96B6ED90705D4AB899A0502D4CE
:109D3000A86DFEF75AFAAB891B0701D52B699BB9B1
:109D40002946304600F034F970B16B6EDC0704D55B
:109D50004FF0FF301CB0BDE8F087AB899805F7D411
:109D6000A86DFEF743FAF3E70023099320238DF84B
:109D7000293030234FF001080397694F8DF82A30BE
:109D80002346994613F8012B0AB1252AF9D1B9EBDC
:109D9000040A0BD05346224629463046FFF7A4FF5B
:109DA000013000F0A480099A5244099299F80030D9
:109DB000002B00F09C8000234FF0FF32CDE90523FB
:109DC00009F10109049307938DF853301A934C4617
:109DD000052214F8011B5248FFF7DAFE049BD0B9A4
:109DE000D90644BF20228DF853201A0744BF2B22E6
:109DF0008DF8532099F800202A2A13D04C460020D1
:109E00004FF00A0C079A214611F8013B303B092B11
:109E100049D968B913E0C01B08FA00F01843A146FD
:109E20000490D4E7039A111D12680391002A01DB04
:109E3000079204E0524243F002030792049323780E
:109E40002E2B0AD163782A2B32D1039B02341A1DA0
:109E50001B68039243EAE3730593DFF8C89003227B
:109E600048462178FFF794FE38B14022049BA0EBCE
:109E70000900824013430134049314F8011B0622A5
:109E800029488DF82810FFF783FE00283ED0274888
:109E900018BB039B073323F0070308330393099B85
:109EA000034409936CE70C4601200CFB0232AAE73D
:109EB00000234FF00A0C194601340593204610F890
:109EC000012B303A092A03D9002BC6D00591C4E7EB
:109ED000044601230CFB0121F0E703AB00932A4663
:109EE0003046134B04A9AFF30080431CD7D16B6EEF
:109EF000D90705D4AB899A0502D4A86DFEF776F987
:109F0000AB895B063FF524AF099823E703AB0093C9
:109F10002A463046064B04A9FFF744FCE5E700BF9C
:109F20005FA8000865A8000869A8000800000000F4
:109F3000E99C0008F8B50E461446054618B1036AB8
:109F40000BB9FEF72BF8A369A360A3891A0701D503
:109F5000236943B92146284600F02AF818B14FF08A
:109F6000FF373846F8BD23682269F6B2981A63694C
:109F70003746834205DC21462846FFF7B7FD002817
:109F8000EDD1A368013BA36023685A1C22601E70B8
:109F90006269431C9A4204D0A389DB07E1D50A2EEB
:109FA000DFD121462846FFF7A1FD0028D9D0D6E70A
:109FB00038B5284B054618680C4618B1036A0BB92A
:109FC000FDF7ECFFB4F90C301A0721D4D80607D4FA
:109FD00009222A6043F040034FF0FF30A38130E0B4
:109FE000590712D5616B41B104F14403994202D083
:109FF0002846FEF711F9002363630022B4F90C3000
:10A000006260226923F02403226043F00803A381E5
:10A0100022693AB99A0501D5180603D52146284682
:10A0200000F082F8B4F90C3013F001020AD00022DB
:10A03000A26062695242A261226942B913F08000B3
:10A04000C8D138BD990758BF6269A260F4E7002003
:10A05000F7E700BF880100201F2938B505460C46E8
:10A0600004D9162303604FF0FF3038BDC26B12B124
:10A0700052F821304BB9284600F030F8224601460C
:10A080002846BDE8384000F017B8012B0AD0591C0B
:10A0900003D1162303600120E7E70021204642F8A0
:10A0A000241098470020E0E7024B01461868FFF7AC
:10A0B000D3BF00BF8801002038B50023064D0446F9
:10A0C000084611462B60F8F7D6FE431C02D12B68D8
:10A0D00003B1236038BD00BF74070020F8F7C4BE89
:10A0E00070B50C46B1F90E10154600291E4696B003
:10A0F0000ADAA18911F0800113D14FF480620020A7
:10A1000031602A6016B070BD6A4600F047F800283A
:10A11000EFDB019901F47041A1F500535942594117
:10A12000EBE700214022EAE78B8973B59E070546DD
:10A130000C4607D504F147032360236101236361C3
:10A1400002B070BD01AB6A46FFF7CAFF009E284609
:10A150003146FEF707FCB4F90C3038B99A05EFD454
:10A1600023F0030343F00203A381E3E743F08003FA
:10A17000A381019BC4E904062060002BE0D028469F
:10A18000B4F90E1000F01CF80028D9D0A38923F0F0
:10A19000030343F00103A381D2E7000038B5002395
:10A1A000064D0446084611462B60F8F7C3FE431CD3
:10A1B00002D12B6803B1236038BD00BF74070020B3
:10A1C00038B50023054D044608462B60F8F7C1FE5C
:10A1D000431C02D12B6803B1236038BD74070020F3
:10A1E00000F090B838B5044600F01AF8214605464C
:10A1F0002046F6F785FF20B920460021F6F770FCCF
:10A2000008B9284638BDFDF7C5FF212203460021C5
:10A210001A600846F6F77AFB0546284638BD00BFA7
:10A2200020F00042B2F1FF4F2DE9F04104464FD239
:10A23000002A4BD00028034654DB10F0FF424FD1D8
:10A240005B001802114602F10102F9D549420024CF
:10A25000C3F31602A1F17F05CB074FF0190E4FF0A3
:10A26000807C214642F4000258BF52006D1052001B
:10A2700001EB0C039342CFBF134603EB0C01644484
:10A28000D31ABEF1010E4FEA43024FEA5C0CEFD144
:10A29000BBB11A4E1A4F30683968F6F779F9D6F81B
:10A2A000008001464046F6F725FC50B13068396819
:10A2B000F6F770F9366801463046F6F711FCC8B17A
:10A2C0000234601000F17C5000EBC550BDE8F08115
:10A2D0000146F6F767FA2146F6F75CF9BDE8F0812A
:10A2E000C115B4E70146F6F753F90146F6F70EFB40
:10A2F000BDE8F081013424F00104E2E728AB000856
:10A3000024AB000870B521F00045B5F1FF4F0A46B7
:10A3100003462CD820F00046B6F1FF4F844626D8DD
:10A32000B1F17E5F35D08C1704F0020444EAD0749A
:10A3300016B33DB3B5F1FF4F33D0B6F1FF4F21D087
:10A34000761BB6F1F45F4FEAE65028DA002933DADB
:10A350003C3031DA0020012C3FD0022C35D02CB11A
:10A360002449F6F717F92449F6F712F970BD194692
:10A370001046F6F70FF970BD022C08D0032CF5D16A
:10A380001E4870BDBCF1000F07DB1D4870BD1A48A8
:10A3900070BDBDE8704000F03DB81A4870BD184867
:10A3A000D9E7B6F1FF4F04F1FF3419D0022C1DD8C4
:10A3B000154B53F8240070BD11461846F6F7A6FA5F
:10A3C00000F03EF900F026F8C5E70A49F6F7E2F892
:10A3D00001460948F6F7DCF870BD00F1004070BD99
:10A3E000022C05D8094B53F8240070BD002070BD25
:10A3F000074870BD2EBDBB33DB0F4940DB0F49C0A2
:10A40000DB0FC93FDB0FC9BF2CAB000838AB00081E
:10A41000DB0F493F2DE9F04120F00045B5F1A14F98
:10A420000446074608D3B5F1FF4F73D8002840F320
:10A43000A1806F48BDE8F0816E4B9D427AD8B5F19E
:10A44000445F6CD34FF0FF3821462046F6F7AAF957
:10A4500001460646F6F7A6F905466749F6F7A2F95A
:10A460006649F6F797F82946F6F79CF96449F6F736
:10A4700091F82946F6F796F96249F6F78BF82946DE
:10A48000F6F790F96049F6F785F82946F6F78AF964
:10A490005E49F6F77FF83146F6F784F95C490646DF
:10A4A0002846F6F77FF95B49F6F772F82946F6F782
:10A4B00079F95949F6F76CF82946F6F773F95749CF
:10A4C000F6F766F82946F6F76DF95549F6F760F89C
:10A4D0002946F6F767F901463046F6F75BF821465C
:10A4E000F6F760F9B8F1FF3F014646D04D4B4E4DAF
:10A4F00053F82810F6F74CF82146F6F749F80146CC
:10A5000055F82800F6F744F8002F93DA00F10040E0
:10A51000BDE8F0810146F6F73DF8BDE8F08143491A
:10A52000F6F738F84FF07E51F6F7F8FA002889D0A0
:10A5300020467FE700F084F83D4B04469D4221D839
:10A54000A3F5D0039D423FD80146F6F723F84FF01C
:10A550007E51F6F71DF803464FF0804120461C4619
:10A56000F6F718F801462046F6F7D0F94FF0000844
:10A57000044669E72F48BDE8F0812046F6F708F861
:10A58000BDE8F0812C4B9D4216D84FF07F51F5F776
:10A59000FFFF03464FF07F5120461C46F6F702F9B5
:10A5A0004FF07E51F5F7F6FF01462046F6F7AEF97B
:10A5B0004FF00208044647E701462048F6F7A6F99F
:10A5C0004FF0030804463FE74FF07E51F5F7E0FFF8
:10A5D00003464FF07E5120461C46F5F7DBFF01464F
:10A5E0002046F6F793F94FF0010804462CE700BF28
:10A5F000DB0FC93FFFFFDF3ED769853C59DA4B3D92
:10A60000356B883D6E2EBA3D2549123EABAAAA3E57
:10A6100021A215BD6BF16E3D95879D3D388EE33DC2
:10A62000CDCC4C3E44AB000854AB0008CAF2497193
:10A63000FFFF973FDB0FC9BFFFFF1B40000080BF3C
:10A6400020F00040704700BFF8B500BFF8BC08BC60
:10A650009E467047F8B500BFF8BC08BC9E467047E0
:10A660004D50553630353020696E69742066616909
:10A670006C6564210D0A000053797374656D20695F
:10A680006E6974204F4B210D0A00000053656E6403
:10A690002027532720746F207374617274206261C5
:10A6A0006C616E63696E672E0D0A000042616C6119
:10A6B0006E63696E6720737461727465642E0D0A2F
:10A6C00000000000416C72656164792062616C6118
:10A6D0006E63696E672E0D0A000000005379737473
:10A6E000656D20736C6565702E0D0A0043616C69A1
:10A6F00062726174696E672E2E2E0D0A00000000D2
:10A7000043616C6962726174696F6E20646F6E651B
:10A710002E0D0A00413A252E32667C533A252E3200
:10A72000667C563A252E31667C423A25640D0A0035
:10A7300002030405060708090A0B0C0D0E0F101082
:10A7400002030405060708090A0B0C0D0E0F101072
:10A7500000000000000000000102030406070809D1
:10A7600000000000010203042E006E6600696E699D
:10A77000747900616E004300504F534958004261A4
:10A780006C6C6F6320737563636565646564002F2B
:10A790006275696C642F676E752D746F6F6C732DA5
:10A7A000666F722D73746D33325F31342E332E72B7
:10A7B000656C312E32303235313032372D30373012
:10A7C000302F7372632F6E65776C69622F6E6577B9
:10A7D0006C69622F6C6962632F7374646C69622F99
:10A7E0006764746F612D6765746865782E630052C5
:10A7F00045454E54206D616C6C6F632073756363C7
:10A800006565646564002F6275696C642F676E7599
:10A810002D746F6F6C732D666F722D73746D333280
:10A820005F31342E332E72656C312E323032353139
:10A830003032372D303730302F7372632F6E65779B
:10A840006C69622F6E65776C69622F6C6962632F29
:10A850007374646C69622F6D707265632E6300237C
:10A860002D302B2000686C4C00656667454647001C
:10A870003031323334353637383941424344454636
:10A8800000303132333435363738396162636465CC
:10A8900066002C2066756E6374696F6E3A200061E5
:10A8A0007373657274696F6E20222573222066614E
:10A8B000696C65643A2066696C6520222573222CD8
:10A8C000206C696E65202564257325730A000000DD
:10A8D00034000000CEFBFFFFCB03000001000000AE
:10A8E0000000000035000000CEFBFFFFCB0300009E
:10A8F0000100000000000000BC89D897B2D29C3C47
:10A9000033A7A8D523F649393DA7F444FD0FA53256
:10A910009D978CCF08BA5B25436FAC6428066811FD
:10A9200005000000190000007D000000000000008C
:10A930000080E03779C34143176E05B5B5B893463B
:10A94000F5F93FE9034F384D321D30F94877825A07
:10A950003CBF737FDD4F1575000000000000F03F25
:10A9600000000000000024400000000000005940EA
:10A970000000000000408F40000000000088C3403D
:10A9800000000000006AF8400000000080842E41B2
:10A9900000000000D01263410000000084D79741FE
:10A9A0000000000065CDCD41000000205FA0024204
:10A9B000000000E876483742000000A2941A6D4279
:10A9C000000040E59C30A2420000901EC4BCD6426C
:10A9D00000003426F56B0C430080E03779C3414317
:10A9E00000A0D8855734764300C84E676DC1AB438D
:10A9F000003D9160E458E143408CB5781DAF1544AB
:10AA000050EFE2D6E41A4B4492D54D06CFF0804485
:10AA1000F64AE1C7022DB544B49DD9794378EA449A
:10AA2000002020202020202020202828282828201E
:10AA30002020202020202020202020202020202016
:10AA4000208810101010101010101010101010107E
:10AA5000100404040404040404040410101010106E
:10AA60001010414141414141010101010101010138
:10AA7000010101010101010101010101101010108A
:10AA8000101042424242424202020202020202020A
:10AA9000020202020202020202020202101010105E
:10AAA0002000000000000000000000000000000086
:10AAB0000000000000000000000000000000000096
:10AAC0000000000000000000000000000000000086
:10AAD0000000000000000000000000000000000076
:10AAE0000000000000000000000000000000000066
:10AAF0000000000000000000000000000000000056
:10AB00000000000000000000000000000000000045
:10AB10000000000000000000000000000000000035
:10AB2000000000006042A20D0000803F0000008095
:10AB3000DB0F4940DB0F49C0DB0F49BFE4CB1640B8
:10AB4000E4CB16C06937AC3168212233B40F14331B
:10AB50006821A2333863ED3EDA0F493F5E987B3FB0
:04AB6000DA0FC93F00
:08AB64001860FF7F01000000F2
:04AB6C005501000887
:04AB700031010008A7
:10AB74000100F4010024F4001000000001000000B2
:10AB8400000000000300000038060020430000001D
:10AB940000000000000000000000000000000000B1
:10ABA400000000000000000000000000430000005E
:10ABB4000000000000000000000000000000000091
:10ABC400000000000000000000000000430000003E
:10ABD4000000000000000000000000000000000071
:10ABE400000000000000000000000000430000001E
:10ABF4000000000000000000000000000000000051
:10AC040000000000000000000000000043000000FD
:10AC14000000000000000000000000000000000030
:10AC240000000000000000000000000043000000DD
:10AC34000000000000000000000000000000000010
:10AC440000000000000000000000000043000000BD
:10AC540000000000000000000000000000000000F0
:10AC6400000000000000000000000000F593000850
:10AC7400658A00080000000020AA000868A70008F0
:10AC8400CDA80008CDA80008CDA80008CDA80008CC
:10AC9400CDA80008CDA80008CDA80008CDA80008BC
:10ACA400CDA80008FFFFFFFFFFFFFFFFFFFFFFFF2F
:10ACB400FFFF000001004153434949000000000028
:10ACC4000000000000000000000000000000000080
:10ACD4000000000000004153434949000000000007
:10ACE4000000000000000000000000000000000060
:10ACF40000000000000000008C01002000000000A3
:10AD040038060020A00600200807002000000000EC
:10AD1400000000000000000000000000000000002F
:10AD2400000000000000000000000000000000001F
:10AD3400000000000000000000000000000000000F
:08AD4400000000000000000007
:04000005080072215C
:00000001FF
